source_file,invoice_number,invoice_date,supplier_name,supplier_kvk,supplier_vat,supplier_iban,customer_name,customer_city,debtor_number,article_number,description,quantity,unit_size,total_units,unit_price,discount,line_total,vat_rate,invoice_total_ex_vat,invoice_vat_total,invoice_total_inc_vat,currency,canonical_product_name,product_id
"00000005-Factuur 87557.pdf","87557","2026-05-04","Horeca Groothandel","71286969","8586.52.158 B01","NL84INGB0007527163","CAFE UIT KIJKEN","Amsterdam","1269","B1003","BRIOCHE HAM . BR. 80 GR 30 ST","5","1","5","13.48","","67.4","9","261.6","23.54","66.24","EUR","brioche_ham_br_80_gr_30_st","brioche_ham_br_80_gr_30_st"
"00000005-Factuur 87557.pdf","87557","2026-05-04","Horeca Groothandel","71286969","8586.52.158 B01","NL84INGB0007527163","CAFE UIT KIJKEN","Amsterdam","1269","17700","COCA COLA KRAT 24 X 0.20 CL","7","1","7","13.59","5","35","9","261.6","23.54","66.24","EUR","coca_cola_krat_24_x_0_20_cl","coca_cola_krat_24_x_0_20_cl"
"00000005-Factuur 87557.pdf","87557","2026-05-04","Horeca Groothandel","71286969","8586.52.158 B01","NL84INGB0007527163","CAFE UIT KIJKEN","Amsterdam","1269","17744","COCA COLA ZERO KRAT 24 X 0.20","5","1","5","13.59","5","25","9","261.6","23.54","66.24","EUR","coca_cola_zero_krat_24_x_0_20","coca_cola_zero_krat_24_x_0_20"
"00000005-Factuur 87557.pdf","87557","2026-05-04","Horeca Groothandel","71286969","8586.52.158 B01","NL84INGB0007527163","CAFE UIT KIJKEN","Amsterdam","1269","17733","FANTA ORANGE 24 X 0.20 CL","1","1","1","13.89","5","5","9","261.6","23.54","66.24","EUR","fanta_orange_24_x_0_20_cl","fanta_orange_24_x_0_20_cl"
"00000005-Factuur 87557.pdf","87557","2026-05-04","Horeca Groothandel","71286969","8586.52.158 B01","NL84INGB0007527163","CAFE UIT KIJKEN","Amsterdam","1269","00002","M INUTE M AID APPEL 24 X 0.20 CL","1","1","1","17.23","5","5","9","261.6","23.54","66.24","EUR","m_inute_m_aid_appel_24_x_0_20_cl","m_inute_m_aid_appel_24_x_0_20_cl"
"00000005-Factuur 87557.pdf","87557","2026-05-04","Horeca Groothandel","71286969","8586.52.158 B01","NL84INGB0007527163","CAFE UIT KIJKEN","Amsterdam","1269","03 -8","Embalage vust bier","1","-8","","0","30","-240","","261.6","23.54","66.24","EUR","embalage_vust_bier","embalage_vust_bier"
"00000005-Factuur 87557.pdf","87557","2026-05-04","Horeca Groothandel","71286969","8586.52.158 B01","NL84INGB0007527163","CAFE UIT KIJKEN","Amsterdam","1269","01 -9","Embalage 0.20 x 24 {0.20 x 28}","1","-9","","0","5","-45","","261.6","23.54","66.24","EUR","embalage_0_20_x_24_0_20_x_28","embalage_0_20_x_24_0_20_x_28"
"00000005-Factuur 87557.pdf","87557","2026-05-04","Horeca Groothandel","71286969","8586.52.158 B01","NL84INGB0007527163","CAFE UIT KIJKEN","Amsterdam","1269","02 -1","Embalage 0.30 x 24{0.50 x 18}","1","-1","","0","3.9","-3.9","","261.6","23.54","66.24","EUR","embalage_0_30_x_24_0_50_x_18","embalage_0_30_x_24_0_50_x_18"
"00000006-Factuur 87539.pdf","87539","2026-05-01","Horeca Groothandel","71286969","8586.52.158 B01","NL 84 INGB 0007527163","CAFE UIT KIJKEN","Amsterdam","1269","B1003","BRIOCHE HAM . BR. 80 GR 30 ST","7","1","7","13.48","","94.36","9","433.95","57.54","491.48","EUR","brioche_ham_br_80_gr_30_st","brioche_ham_br_80_gr_30_st"
"00000006-Factuur 87539.pdf","87539","2026-05-01","Horeca Groothandel","71286969","8586.52.158 B01","NL 84 INGB 0007527163","CAFE UIT KIJKEN","Amsterdam","1269","9723","ZAANSE M AYONNAISE 80% 10KG","2","1","2","30.78","","61.56","9","433.95","57.54","491.48","EUR","zaanse_m_ayonnaise_80_10kg","zaanse_m_ayonnaise_80_10kg"
"00000006-Factuur 87539.pdf","87539","2026-05-01","Horeca Groothandel","71286969","8586.52.158 B01","NL 84 INGB 0007527163","CAFE UIT KIJKEN","Amsterdam","1269","9727","TRUFFEL M AYO 2.50 KG","1","1","1","16.6","","16.6","9","433.95","57.54","491.48","EUR","truffel_m_ayo_2_50_kg","truffel_m_ayo_2_50_kg"
"00000006-Factuur 87539.pdf","87539","2026-05-01","Horeca Groothandel","71286969","8586.52.158 B01","NL 84 INGB 0007527163","CAFE UIT KIJKEN","Amsterdam","1269","0601-","PARM EZAANSE KAAS 1 KG","5.495","1","5.495","19.55","","107.43","9","433.95","57.54","491.48","EUR","parm_ezaanse_kaas_1_kg","parm_ezaanse_kaas_1_kg"
"00000006-Factuur 87539.pdf","87539","2026-05-01","Horeca Groothandel","71286969","8586.52.158 B01","NL 84 INGB 0007527163","CAFE UIT KIJKEN","Amsterdam","1269","9500+","TORK ROL 6 ST HOOG WIT","1","1","1","14","","14","21","433.95","57.54","491.48","EUR","tork_rol_6_st_hoog_wit","tork_rol_6_st_hoog_wit"
"00000006-Factuur 87539.pdf","87539","2026-05-01","Horeca Groothandel","71286969","8586.52.158 B01","NL 84 INGB 0007527163","CAFE UIT KIJKEN","Amsterdam","1269","9512","SERVETTEN 500 ST 33 CM","10","1","10","3","","30","21","433.95","57.54","491.48","EUR","servetten_500_st_33_cm","servetten_500_st_33_cm"
"00000006-Factuur 87539.pdf","87539","2026-05-01","Horeca Groothandel","71286969","8586.52.158 B01","NL 84 INGB 0007527163","CAFE UIT KIJKEN","Amsterdam","1269","155197","HANDSCHOENEN {L} ZWAART","10","1","10","5.5","","55","21","433.95","57.54","491.48","EUR","handschoenen_l_zwaart","handschoenen_l_zwaart"
"00000006-Factuur 87539.pdf","87539","2026-05-01","Horeca Groothandel","71286969","8586.52.158 B01","NL 84 INGB 0007527163","CAFE UIT KIJKEN","Amsterdam","1269","155197","HANDSCHOENEN {L x } ZWAART","10","1","10","5.5","","55","21","433.95","57.54","491.48","EUR","handschoenen_l_x_zwaart","handschoenen_l_x_zwaart"
"00000006-Factuur 87539.pdf","87539","2026-05-01","Horeca Groothandel","71286969","8586.52.158 B01","NL 84 INGB 0007527163","CAFE UIT KIJKEN","Amsterdam","1269","03","Embalage vust bier","0","1","0","0","","0","0","433.95","57.54","491.48","EUR","embalage_vust_bier","embalage_vust_bier"
"00000006-Factuur 87539.pdf","87539","2026-05-01","Horeca Groothandel","71286969","8586.52.158 B01","NL 84 INGB 0007527163","CAFE UIT KIJKEN","Amsterdam","1269","02","Embalage 0.30 x 24{0.50 x 18}","0","1","0","0","","0","0","433.95","57.54","491.48","EUR","embalage_0_30_x_24_0_50_x_18","embalage_0_30_x_24_0_50_x_18"
"00000006-Factuur 87539.pdf","87539","2026-05-01","Horeca Groothandel","71286969","8586.52.158 B01","NL 84 INGB 0007527163","CAFE UIT KIJKEN","Amsterdam","1269","01","Embalage 0.20 x 24 {0.20 x 28}","0","1","0","0","","0","0","433.95","57.54","491.48","EUR","embalage_0_20_x_24_0_20_x_28","embalage_0_20_x_24_0_20_x_28"
"00000007-Factuur 87589.pdf","87589","2026-05-08","Horeca Groothandel","71286969","8586.52.158 B01","NL 84 INGB 0007527163","CAFE UIT KIJKEN","Amsterdam","1269","9346","PATAT LAM BWES. 9 M M (F64)","4","1","4","18","","72","9","486.28","48.16","614.44","EUR","patat_lam_bwes_9_m_m_f64","patat_lam_bwes_9_m_m_f64"
"00000007-Factuur 87589.pdf","87589","2026-05-08","Horeca Groothandel","71286969","8586.52.158 B01","NL 84 INGB 0007527163","CAFE UIT KIJKEN","Amsterdam","1269","B1003","BRIOCHE HAM . BR. 80 GR 30 ST","10","1","10","13.48","","134.8","9","486.28","48.16","614.44","EUR","brioche_ham_br_80_gr_30_st","brioche_ham_br_80_gr_30_st"
"00000007-Factuur 87589.pdf","87589","2026-05-08","Horeca Groothandel","71286969","8586.52.158 B01","NL 84 INGB 0007527163","CAFE UIT KIJKEN","Amsterdam","1269","17700","COCA COLA KRAT 24 X 0.20 CL","5","1","5","13.59","5","25","9","486.28","48.16","614.44","EUR","coca_cola_krat_24_x_0_20_cl","coca_cola_krat_24_x_0_20_cl"
"00000007-Factuur 87589.pdf","87589","2026-05-08","Horeca Groothandel","71286969","8586.52.158 B01","NL 84 INGB 0007527163","CAFE UIT KIJKEN","Amsterdam","1269","17744","COCA COLA ZERO KRAT 24 X 0.20","2","1","2","13.59","5","10","9","486.28","48.16","614.44","EUR","coca_cola_zero_krat_24_x_0_20","coca_cola_zero_krat_24_x_0_20"
"00000007-Factuur 87589.pdf","87589","2026-05-08","Horeca Groothandel","71286969","8586.52.158 B01","NL 84 INGB 0007527163","CAFE UIT KIJKEN","Amsterdam","1269","4211","CHAUDFONTIANE BLAUW 24 X","3","1","3","8.88","5","15","9","486.28","48.16","614.44","EUR","chaudfontiane_blauw_24_x","chaudfontiane_blauw_24_x"
"00000007-Factuur 87589.pdf","87589","2026-05-08","Horeca Groothandel","71286969","8586.52.158 B01","NL 84 INGB 0007527163","CAFE UIT KIJKEN","Amsterdam","1269","17733","FANTA ORANGE 24 X 0.20 CL","1","1","1","13.89","5","5","9","486.28","48.16","614.44","EUR","fanta_orange_24_x_0_20_cl","fanta_orange_24_x_0_20_cl"
"00000007-Factuur 87589.pdf","87589","2026-05-08","Horeca Groothandel","71286969","8586.52.158 B01","NL 84 INGB 0007527163","CAFE UIT KIJKEN","Amsterdam","1269","4220","CHAUDFONTIANE ROOD 24 X 25","1","1","1","8.88","5","5","9","486.28","48.16","614.44","EUR","chaudfontiane_rood_24_x_25","chaudfontiane_rood_24_x_25"
"00000007-Factuur 87589.pdf","87589","2026-05-08","Horeca Groothandel","71286969","8586.52.158 B01","NL 84 INGB 0007527163","CAFE UIT KIJKEN","Amsterdam","1269","9365-","ZOUT 12 X 1 KG","1","1","1","9","","9","9","486.28","48.16","614.44","EUR","zout_12_x_1_kg","zout_12_x_1_kg"
"00000007-Factuur 87589.pdf","87589","2026-05-08","Horeca Groothandel","71286969","8586.52.158 B01","NL 84 INGB 0007527163","CAFE UIT KIJKEN","Amsterdam","1269","9342+","FRISIA FRITUUROLIE 10L","3","1","3","18.7","","56.1","9","486.28","48.16","614.44","EUR","frisia_frituurolie_10l","frisia_frituurolie_10l"
"00000007-Factuur 87589.pdf","87589","2026-05-08","Horeca Groothandel","71286969","8586.52.158 B01","NL 84 INGB 0007527163","CAFE UIT KIJKEN","Amsterdam","1269","9727","TRUFFEL M AYO 2.50 KG","2","1","2","16.6","","33.2","9","486.28","48.16","614.44","EUR","truffel_m_ayo_2_50_kg","truffel_m_ayo_2_50_kg"
"00000007-Factuur 87589.pdf","87589","2026-05-08","Horeca Groothandel","71286969","8586.52.158 B01","NL 84 INGB 0007527163","CAFE UIT KIJKEN","Amsterdam","1269","08","NED KOOLZUUR CENTRALE 10 KG","1","1","1","36.64","120","120","21","486.28","48.16","614.44","EUR","ned_koolzuur_centrale_10_kg","ned_koolzuur_centrale_10_kg"
"00000007-Factuur 87589.pdf","87589","2026-05-08","Horeca Groothandel","71286969","8586.52.158 B01","NL 84 INGB 0007527163","CAFE UIT KIJKEN","Amsterdam","1269","03","Embalage vust bier","-2","1","-2","0","30","-60","","486.28","48.16","614.44","EUR","embalage_vust_bier","embalage_vust_bier"
"00000007-Factuur 87589.pdf","87589","2026-05-08","Horeca Groothandel","71286969","8586.52.158 B01","NL 84 INGB 0007527163","CAFE UIT KIJKEN","Amsterdam","1269","01","Embalage 0.20 x 24 {0.20 x 28}","-8","1","-8","0","5","-40","","486.28","48.16","614.44","EUR","embalage_0_20_x_24_0_20_x_28","embalage_0_20_x_24_0_20_x_28"
"00000008-Factuur 87558.pdf","87558","2026-05-04","Horeca Groothandel","71286969","8586.52.158 B01","NL 84 INGB 0007527163","FOUR ZIESOUN","Amsterdam","1432","9346","PATAT LAM BWES. 9 M M (F64)","5","1","5","18","","90","9","292.65","29.28","346.73","EUR","patat_lam_bwes_9_m_m_f64","patat_lam_bwes_9_m_m_f64"
"00000008-Factuur 87558.pdf","87558","2026-05-04","Horeca Groothandel","71286969","8586.52.158 B01","NL 84 INGB 0007527163","FOUR ZIESOUN","Amsterdam","1432","1010","COCA COLA 24 X 0.33 CL {D}","3","1","3","12.88","","38.64","9","292.65","29.28","346.73","EUR","coca_cola_24_x_0_33_cl_d","coca_cola_24_x_0_33_cl_d"
"00000008-Factuur 87558.pdf","87558","2026-05-04","Horeca Groothandel","71286969","8586.52.158 B01","NL 84 INGB 0007527163","FOUR ZIESOUN","Amsterdam","1432","1015","COCA COLA ZERO 24 X 0.33 CL B","3","1","3","12.88","","38.64","9","292.65","29.28","346.73","EUR","coca_cola_zero_24_x_0_33_cl_b","coca_cola_zero_24_x_0_33_cl_b"
"00000008-Factuur 87558.pdf","87558","2026-05-04","Horeca Groothandel","71286969","8586.52.158 B01","NL 84 INGB 0007527163","FOUR ZIESOUN","Amsterdam","1432","9500+","TORK ROL 6 ST HOOG WIT","1","1","1","14","","14","21","292.65","29.28","346.73","EUR","tork_rol_6_st_hoog_wit","tork_rol_6_st_hoog_wit"
"00000008-Factuur 87558.pdf","87558","2026-05-04","Horeca Groothandel","71286969","8586.52.158 B01","NL 84 INGB 0007527163","FOUR ZIESOUN","Amsterdam","1432","9723","ZAANSE M AYONNAISE 80% 10KG","1","1","1","30.78","","30.78","9","292.65","29.28","346.73","EUR","zaanse_m_ayonnaise_80_10kg","zaanse_m_ayonnaise_80_10kg"
"00000008-Factuur 87558.pdf","87558","2026-05-04","Horeca Groothandel","71286969","8586.52.158 B01","NL 84 INGB 0007527163","FOUR ZIESOUN","Amsterdam","1432","9758","LEVO TOM ATEN KETCHUP 10 KG","1","1","1","24.19","","24.19","9","292.65","29.28","346.73","EUR","levo_tom_aten_ketchup_10_kg","levo_tom_aten_ketchup_10_kg"
"00000008-Factuur 87558.pdf","87558","2026-05-04","Horeca Groothandel","71286969","8586.52.158 B01","NL 84 INGB 0007527163","FOUR ZIESOUN","Amsterdam","1432","9342+","FRISIA FRITUUROLIE 10L","2","1","2","18.7","","37.4","9","292.65","29.28","346.73","EUR","frisia_frituurolie_10l","frisia_frituurolie_10l"
"00000008-Factuur 87558.pdf","87558","2026-05-04","Horeca Groothandel","71286969","8586.52.158 B01","NL 84 INGB 0007527163","FOUR ZIESOUN","Amsterdam","1432","1350","SPA BLAUW 24 X 0.50 CL","3","1","3","11","3.6","10.8","9","292.65","29.28","346.73","EUR","spa_blauw_24_x_0_50_cl","spa_blauw_24_x_0_50_cl"
"00000009-Factuur 87570.pdf","87570","2026-05-05","Horeca Groothandel","71286969","8586.52.158 B01","NL 84 INGB 0007527163","FOUR ZIESOUN","Amsterdam","1432","9346","PATAT LAM BWES. 9 M M (F64)","10","1","10","18","","180","9","506.52","58.89","565.41","EUR","patat_lam_bwes_9_m_m_f64","patat_lam_bwes_9_m_m_f64"
"00000009-Factuur 87570.pdf","87570","2026-05-05","Horeca Groothandel","71286969","8586.52.158 B01","NL 84 INGB 0007527163","FOUR ZIESOUN","Amsterdam","1432","B1003","BRIOCHE HAM . BR. 80 GR 30 ST","10","1","10","13.48","","134.8","9","506.52","58.89","565.41","EUR","brioche_ham_br_80_gr_30_st","brioche_ham_br_80_gr_30_st"
"00000009-Factuur 87570.pdf","87570","2026-05-05","Horeca Groothandel","71286969","8586.52.158 B01","NL 84 INGB 0007527163","FOUR ZIESOUN","Amsterdam","1432","1013","FANTA ORANGE 24 X 0.33 CL {D}","3","1","3","12.88","","38.64","9","506.52","58.89","565.41","EUR","fanta_orange_24_x_0_33_cl_d","fanta_orange_24_x_0_33_cl_d"
"00000009-Factuur 87570.pdf","87570","2026-05-05","Horeca Groothandel","71286969","8586.52.158 B01","NL 84 INGB 0007527163","FOUR ZIESOUN","Amsterdam","1432","1010","COCA COLA 24 X 0.33 CL {D}","1","1","1","12.88","","12.88","9","506.52","58.89","565.41","EUR","coca_cola_24_x_0_33_cl_d","coca_cola_24_x_0_33_cl_d"
"00000009-Factuur 87570.pdf","87570","2026-05-05","Horeca Groothandel","71286969","8586.52.158 B01","NL 84 INGB 0007527163","FOUR ZIESOUN","Amsterdam","1432","1015","COCA COLA ZERO 24 X 0.33 CL B","1","1","1","12.88","","12.88","9","506.52","58.89","565.41","EUR","coca_cola_zero_24_x_0_33_cl_b","coca_cola_zero_24_x_0_33_cl_b"
"00000009-Factuur 87570.pdf","87570","2026-05-05","Horeca Groothandel","71286969","8586.52.158 B01","NL 84 INGB 0007527163","FOUR ZIESOUN","Amsterdam","1432","1134","LIPTON ICE TEA PEACH 24 X 0.33","1","1","1","16.5","","16.5","9","506.52","58.89","565.41","EUR","lipton_ice_tea_peach_24_x_0_33","lipton_ice_tea_peach_24_x_0_33"
"00000009-Factuur 87570.pdf","87570","2026-05-05","Horeca Groothandel","71286969","8586.52.158 B01","NL 84 INGB 0007527163","FOUR ZIESOUN","Amsterdam","1432","9930","BUIGRIETJES 210mm 100 ST","48","1","48","1.69","","81.12","21","506.52","58.89","565.41","EUR","buigrietjes_210mm_100_st","buigrietjes_210mm_100_st"
"00000009-Factuur 87570.pdf","87570","2026-05-05","Horeca Groothandel","71286969","8586.52.158 B01","NL 84 INGB 0007527163","FOUR ZIESOUN","Amsterdam","1432","99091-","HOUT VORK 2000 stuks","2.5","1","2.5","11.88","","29.7","21","506.52","58.89","565.41","EUR","hout_vork_2000_stuks","hout_vork_2000_stuks"
"00000010-Factuur 87540.pdf","87540","2026-05-01","Horeca Groothandel","71286969","8586.52.158 B01","NL84INGB0007527163","FOUR ZIESOUN","Amsterdam","1432","9346","PATAT LAM BWES. 9 M M (F64)","12","1","12","18","","216","9","516.84","46.52","563.36","EUR","patat_lam_bwes_9_m_m_f64","patat_lam_bwes_9_m_m_f64"
"00000010-Factuur 87540.pdf","87540","2026-05-01","Horeca Groothandel","71286969","8586.52.158 B01","NL84INGB0007527163","FOUR ZIESOUN","Amsterdam","1432","B1003","BRIOCHE HAM . BR. 80 GR 30 ST","10","1","10","13.48","","134.8","9","516.84","46.52","563.36","EUR","brioche_ham_br_80_gr_30_st","brioche_ham_br_80_gr_30_st"
"00000010-Factuur 87540.pdf","87540","2026-05-01","Horeca Groothandel","71286969","8586.52.158 B01","NL84INGB0007527163","FOUR ZIESOUN","Amsterdam","1432","9723","ZAANSE M AYONNAISE 80% 10KG","2","1","2","30.78","","61.56","9","516.84","46.52","563.36","EUR","zaanse_m_ayonnaise_80_10kg","zaanse_m_ayonnaise_80_10kg"
"00000010-Factuur 87540.pdf","87540","2026-05-01","Horeca Groothandel","71286969","8586.52.158 B01","NL84INGB0007527163","FOUR ZIESOUN","Amsterdam","1432","9758","LEVO TOM ATEN KETCHUP 10 KG","2","1","2","24.19","","48.38","9","516.84","46.52","563.36","EUR","levo_tom_aten_ketchup_10_kg","levo_tom_aten_ketchup_10_kg"
"00000010-Factuur 87540.pdf","87540","2026-05-01","Horeca Groothandel","71286969","8586.52.158 B01","NL84INGB0007527163","FOUR ZIESOUN","Amsterdam","1432","9342+","FRISIA FRITUUROLIE 10L","3","1","3","18.7","","56.1","9","516.84","46.52","563.36","EUR","frisia_frituurolie_10l","frisia_frituurolie_10l"
"00000011-Factuur 87588.pdf","87588","2026-05-08","Horeca Groothandel","71286969","8586.52.158 B01","NL 84 INGB 0007527163","FOUR ZIESOUN","Amsterdam","1432","B1003","BRIOCHE HAM . BR. 80 GR 30 ST","10","1","10","13.48","","134.8","9","223.72","20.13","243.85","EUR","brioche_ham_br_80_gr_30_st","brioche_ham_br_80_gr_30_st"
"00000011-Factuur 87588.pdf","87588","2026-05-08","Horeca Groothandel","71286969","8586.52.158 B01","NL 84 INGB 0007527163","FOUR ZIESOUN","Amsterdam","1432","1010","COCA COLA 24 X 0.33 CL {D}","2","1","2","12.88","","25.76","9","223.72","20.13","243.85","EUR","coca_cola_24_x_0_33_cl_d","coca_cola_24_x_0_33_cl_d"
"00000011-Factuur 87588.pdf","87588","2026-05-08","Horeca Groothandel","71286969","8586.52.158 B01","NL 84 INGB 0007527163","FOUR ZIESOUN","Amsterdam","1432","1015","COCA COLA ZERO 24 X 0.33 CL B","2","1","2","12.88","","25.76","9","223.72","20.13","243.85","EUR","coca_cola_zero_24_x_0_33_cl_b","coca_cola_zero_24_x_0_33_cl_b"
"00000011-Factuur 87588.pdf","87588","2026-05-08","Horeca Groothandel","71286969","8586.52.158 B01","NL 84 INGB 0007527163","FOUR ZIESOUN","Amsterdam","1432","9342+","FRISIA FRITUUROLIE 10L","2","1","2","18.7","","37.4","9","223.72","20.13","243.85","EUR","frisia_frituurolie_10l","frisia_frituurolie_10l"
"00000012-Factuur 87519.pdf","87519","2026-04-26","Horeca Groothandel","71286969","8586.52.158 B01","NL 84 INGB 0007527163","FOUR ZIESOUN","Amsterdam","1432","B1003","BRIOCHE HAM . BR. 80 GR 30 ST","10","1","10","13.48","","134.8","9","206.32","18.57","232.09","EUR","brioche_ham_br_80_gr_30_st","brioche_ham_br_80_gr_30_st"
"00000012-Factuur 87519.pdf","87519","2026-04-26","Horeca Groothandel","71286969","8586.52.158 B01","NL 84 INGB 0007527163","FOUR ZIESOUN","Amsterdam","1432","1010","COCA COLA 24 X 0.33 CL {D}","2","1","2","12.88","","25.76","9","206.32","18.57","232.09","EUR","coca_cola_24_x_0_33_cl_d","coca_cola_24_x_0_33_cl_d"
"00000012-Factuur 87519.pdf","87519","2026-04-26","Horeca Groothandel","71286969","8586.52.158 B01","NL 84 INGB 0007527163","FOUR ZIESOUN","Amsterdam","1432","1015","COCA COLA ZERO 24 X 0.33 CL B","2","1","2","12.88","","25.76","9","206.32","18.57","232.09","EUR","coca_cola_zero_24_x_0_33_cl_b","coca_cola_zero_24_x_0_33_cl_b"
"00000012-Factuur 87519.pdf","87519","2026-04-26","Horeca Groothandel","71286969","8586.52.158 B01","NL 84 INGB 0007527163","FOUR ZIESOUN","Amsterdam","1432","1350","SPA BLAUW 24 X 0.50 CL","2","1","2","10","3.6","7.2","9","206.32","18.57","232.09","EUR","spa_blauw_24_x_0_50_cl","spa_blauw_24_x_0_50_cl"
"00000013-Factuur 87434.pdf","87434","2026-04-17","Horeca Groothandel","71286969","8586.52.158 B01","NL84INGB0007527163","FOUR ZIESOUN","Amsterdam","1432","9346","PATAT LAM BWES. 9 M M (F64)","7","1","7","18","","126","9","264.36","25.47","300.63","EUR","patat_lam_bwes_9_m_m_f64","patat_lam_bwes_9_m_m_f64"
"00000013-Factuur 87434.pdf","87434","2026-04-17","Horeca Groothandel","71286969","8586.52.158 B01","NL84INGB0007527163","FOUR ZIESOUN","Amsterdam","1432","B1003","BRIOCHE HAM . BR. 80 GR 30 ST","7","1","7","13.48","","94.36","9","264.36","25.47","300.63","EUR","brioche_ham_br_80_gr_30_st","brioche_ham_br_80_gr_30_st"
"00000013-Factuur 87434.pdf","87434","2026-04-17","Horeca Groothandel","71286969","8586.52.158 B01","NL84INGB0007527163","FOUR ZIESOUN","Amsterdam","1432","9500+","TORK ROL 6 ST HOOG WIT","1","1","1","14","","14","21","264.36","25.47","300.63","EUR","tork_rol_6_st_hoog_wit","tork_rol_6_st_hoog_wit"
"00000013-Factuur 87434.pdf","87434","2026-04-17","Horeca Groothandel","71286969","8586.52.158 B01","NL84INGB0007527163","FOUR ZIESOUN","Amsterdam","1432","1350","SPA BLAUW 24 X 0.50 CL","3","1","3","10","3.6","30","9","264.36","25.47","300.63","EUR","spa_blauw_24_x_0_50_cl","spa_blauw_24_x_0_50_cl"
"00000014-Factuur 87434.pdf","87434","2026-04-17","Horeca Groothandel","71286969","8586.52.158 B01","NL84INGB0007527163","FOUR ZIESOUN","Amsterdam","1432","9346","PATAT LAM BWES. 9 M M (F64)","7","1","7","18","","126","9","250.36","25.47","300.63","EUR","patat_lam_bwes_9_m_m_f64","patat_lam_bwes_9_m_m_f64"
"00000014-Factuur 87434.pdf","87434","2026-04-17","Horeca Groothandel","71286969","8586.52.158 B01","NL84INGB0007527163","FOUR ZIESOUN","Amsterdam","1432","B1003","BRIOCHE HAM . BR. 80 GR 30 ST","7","1","7","13.48","","94.36","9","250.36","25.47","300.63","EUR","brioche_ham_br_80_gr_30_st","brioche_ham_br_80_gr_30_st"
"00000014-Factuur 87434.pdf","87434","2026-04-17","Horeca Groothandel","71286969","8586.52.158 B01","NL84INGB0007527163","FOUR ZIESOUN","Amsterdam","1432","9500+","TORK ROL 6 ST HOOG WIT","1","1","1","14","","14","21","250.36","25.47","300.63","EUR","tork_rol_6_st_hoog_wit","tork_rol_6_st_hoog_wit"
"00000014-Factuur 87434.pdf","87434","2026-04-17","Horeca Groothandel","71286969","8586.52.158 B01","NL84INGB0007527163","FOUR ZIESOUN","Amsterdam","1432","1350","SPA BLAUW 24 X 0.50 CL","3","1","3","10","3.6","30","9","250.36","25.47","300.63","EUR","spa_blauw_24_x_0_50_cl","spa_blauw_24_x_0_50_cl"
"00000015-Factuur 87408.pdf","87408","2026-04-15","Horeca Groothandel","71286969","8586.52.158 B01","NL 84 INGB 0007527163","FOUR ZIESOUN","Amsterdam","1432","9346","PATAT LAM BWES. 9 M M (F64)","5","1","5","18","","90","9","441.43","46.33","498.56","EUR","patat_lam_bwes_9_m_m_f64","patat_lam_bwes_9_m_m_f64"
"00000015-Factuur 87408.pdf","87408","2026-04-15","Horeca Groothandel","71286969","8586.52.158 B01","NL 84 INGB 0007527163","FOUR ZIESOUN","Amsterdam","1432","B1003","BRIOCHE HAM . BR. 80 GR 30 ST","5","1","5","13.48","","67.4","9","441.43","46.33","498.56","EUR","brioche_ham_br_80_gr_30_st","brioche_ham_br_80_gr_30_st"
"00000015-Factuur 87408.pdf","87408","2026-04-15","Horeca Groothandel","71286969","8586.52.158 B01","NL 84 INGB 0007527163","FOUR ZIESOUN","Amsterdam","1432","1350","SPA BLAUW 24 X 0.50 CL","3","1","3","10","3.6","10.8","9","441.43","46.33","498.56","EUR","spa_blauw_24_x_0_50_cl","spa_blauw_24_x_0_50_cl"
"00000015-Factuur 87408.pdf","87408","2026-04-15","Horeca Groothandel","71286969","8586.52.158 B01","NL 84 INGB 0007527163","FOUR ZIESOUN","Amsterdam","1432","1010","COCA COLA 24 X 0.33 CL {D}","3","1","3","12.88","","38.64","9","441.43","46.33","498.56","EUR","coca_cola_24_x_0_33_cl_d","coca_cola_24_x_0_33_cl_d"
"00000015-Factuur 87408.pdf","87408","2026-04-15","Horeca Groothandel","71286969","8586.52.158 B01","NL 84 INGB 0007527163","FOUR ZIESOUN","Amsterdam","1432","1015","COCA COLA ZERO 24 X 0.33 CL B","3","1","3","12.88","","38.64","9","441.43","46.33","498.56","EUR","coca_cola_zero_24_x_0_33_cl_b","coca_cola_zero_24_x_0_33_cl_b"
"00000015-Factuur 87408.pdf","87408","2026-04-15","Horeca Groothandel","71286969","8586.52.158 B01","NL 84 INGB 0007527163","FOUR ZIESOUN","Amsterdam","1432","1013","FANTA ORANGE 24 X 0.33 CL {D}","1","1","1","12.88","","12.88","9","441.43","46.33","498.56","EUR","fanta_orange_24_x_0_33_cl_d","fanta_orange_24_x_0_33_cl_d"
"00000015-Factuur 87408.pdf","87408","2026-04-15","Horeca Groothandel","71286969","8586.52.158 B01","NL 84 INGB 0007527163","FOUR ZIESOUN","Amsterdam","1432","1134","LIPTON ICE TEA PEACH 24 X 0.33","1","1","1","16.5","","16.5","9","441.43","46.33","498.56","EUR","lipton_ice_tea_peach_24_x_0_33","lipton_ice_tea_peach_24_x_0_33"
"00000015-Factuur 87408.pdf","87408","2026-04-15","Horeca Groothandel","71286969","8586.52.158 B01","NL 84 INGB 0007527163","FOUR ZIESOUN","Amsterdam","1432","155197","HANDSCHOENEN { L} ZWAART","10","1","10","5.5","","55","21","441.43","46.33","498.56","EUR","handschoenen_l_zwaart","handschoenen_l_zwaart"
"00000015-Factuur 87408.pdf","87408","2026-04-15","Horeca Groothandel","71286969","8586.52.158 B01","NL 84 INGB 0007527163","FOUR ZIESOUN","Amsterdam","1432","9342+","FRISIA FRITUUROLIE 10L","2","1","2","18.7","","37.4","9","441.43","46.33","498.56","EUR","frisia_frituurolie_10l","frisia_frituurolie_10l"
"00000015-Factuur 87408.pdf","87408","2026-04-15","Horeca Groothandel","71286969","8586.52.158 B01","NL 84 INGB 0007527163","FOUR ZIESOUN","Amsterdam","1432","9723","ZAANSE M AYONNAISE 80% 10KG","1","1","1","30.78","","30.78","9","441.43","46.33","498.56","EUR","zaanse_m_ayonnaise_80_10kg","zaanse_m_ayonnaise_80_10kg"
"00000015-Factuur 87408.pdf","87408","2026-04-15","Horeca Groothandel","71286969","8586.52.158 B01","NL 84 INGB 0007527163","FOUR ZIESOUN","Amsterdam","1432","9758","LEVO TOM ATEN KETCHUP 10 KG","1","1","1","24.19","","24.19","9","441.43","46.33","498.56","EUR","levo_tom_aten_ketchup_10_kg","levo_tom_aten_ketchup_10_kg"
"00000016-Factuur 87478.pdf","87478","2026-04-22","Horeca Groothandel","71286969","8586.52.158 B01","NL 84 INGB 0007527163","FOUR ZIESOUN","Amsterdam","1432","1010","COCA COLA 24 X 0.33 CL {D}","6","1","6","12.88","","77.28","9","432.74","41.89","510.23","EUR","coca_cola_24_x_0_33_cl_d","coca_cola_24_x_0_33_cl_d"
"00000016-Factuur 87478.pdf","87478","2026-04-22","Horeca Groothandel","71286969","8586.52.158 B01","NL 84 INGB 0007527163","FOUR ZIESOUN","Amsterdam","1432","1350","SPA BLAUW 24 X 0.50 CL","6","1","6","10","3.6","21.6","9","432.74","41.89","510.23","EUR","spa_blauw_24_x_0_50_cl","spa_blauw_24_x_0_50_cl"
"00000016-Factuur 87478.pdf","87478","2026-04-22","Horeca Groothandel","71286969","8586.52.158 B01","NL 84 INGB 0007527163","FOUR ZIESOUN","Amsterdam","1432","1015","COCA COLA ZERO 24 X 0.33 CL B","6","1","6","12.88","","77.28","9","432.74","41.89","510.23","EUR","coca_cola_zero_24_x_0_33_cl_b","coca_cola_zero_24_x_0_33_cl_b"
"00000016-Factuur 87478.pdf","87478","2026-04-22","Horeca Groothandel","71286969","8586.52.158 B01","NL 84 INGB 0007527163","FOUR ZIESOUN","Amsterdam","1432","1134","LIPTON ICE TEA PEACH 24 X 0.33","2","1","2","16.5","","33","9","432.74","41.89","510.23","EUR","lipton_ice_tea_peach_24_x_0_33","lipton_ice_tea_peach_24_x_0_33"
"00000016-Factuur 87478.pdf","87478","2026-04-22","Horeca Groothandel","71286969","8586.52.158 B01","NL 84 INGB 0007527163","FOUR ZIESOUN","Amsterdam","1432","1013","FANTA ORANGE 24 X 0.33 CL {D}","2","1","2","12.88","","25.76","9","432.74","41.89","510.23","EUR","fanta_orange_24_x_0_33_cl_d","fanta_orange_24_x_0_33_cl_d"
"00000016-Factuur 87478.pdf","87478","2026-04-22","Horeca Groothandel","71286969","8586.52.158 B01","NL 84 INGB 0007527163","FOUR ZIESOUN","Amsterdam","1432","9500+","TORK ROL 6 ST HOOG WIT","1","1","1","14","","14","21","432.74","41.89","510.23","EUR","tork_rol_6_st_hoog_wit","tork_rol_6_st_hoog_wit"
"00000016-Factuur 87478.pdf","87478","2026-04-22","Horeca Groothandel","71286969","8586.52.158 B01","NL 84 INGB 0007527163","FOUR ZIESOUN","Amsterdam","1432","9723","ZAANSE M AYONNAISE 80% 10KG","3","1","3","30.78","","92.34","9","432.74","41.89","510.23","EUR","zaanse_m_ayonnaise_80_10kg","zaanse_m_ayonnaise_80_10kg"
"00000016-Factuur 87478.pdf","87478","2026-04-22","Horeca Groothandel","71286969","8586.52.158 B01","NL 84 INGB 0007527163","FOUR ZIESOUN","Amsterdam","1432","9758","LEVO TOM ATEN KETCHUP 10 KG","2","1","2","24.19","","48.38","9","432.74","41.89","510.23","EUR","levo_tom_aten_ketchup_10_kg","levo_tom_aten_ketchup_10_kg"
"00000016-Factuur 87478.pdf","87478","2026-04-22","Horeca Groothandel","71286969","8586.52.158 B01","NL 84 INGB 0007527163","FOUR ZIESOUN","Amsterdam","1432","9342+","FRISIA FRITUUROLIE 10L","1","1","1","18.7","","18.7","9","432.74","41.89","510.23","EUR","frisia_frituurolie_10l","frisia_frituurolie_10l"
"00000017-Factuur 87491.pdf","87491","2026-04-24","Horeca Groothandel","71286969","8586.52.158 B01","NL84INGB0007527163","FOUR ZIESOUN","Amsterdam","1432","9346","PATAT LAM BWES. 9 M M (F64)","15","1","15","18","","270","9","421.84","43.25","465.09","EUR","patat_lam_bwes_9_m_m_f64","patat_lam_bwes_9_m_m_f64"
"00000017-Factuur 87491.pdf","87491","2026-04-24","Horeca Groothandel","71286969","8586.52.158 B01","NL84INGB0007527163","FOUR ZIESOUN","Amsterdam","1432","B1003","BRIOCHE HAM . BR. 80 GR 30 ST","8","1","8","13.48","","107.84","9","421.84","43.25","465.09","EUR","brioche_ham_br_80_gr_30_st","brioche_ham_br_80_gr_30_st"
"00000017-Factuur 87491.pdf","87491","2026-04-24","Horeca Groothandel","71286969","8586.52.158 B01","NL84INGB0007527163","FOUR ZIESOUN","Amsterdam","1432","9512","SERVETTEN 500 ST 33 CM","10","1","10","3","","30","21","421.84","43.25","465.09","EUR","servetten_500_st_33_cm","servetten_500_st_33_cm"
"00000017-Factuur 87491.pdf","87491","2026-04-24","Horeca Groothandel","71286969","8586.52.158 B01","NL84INGB0007527163","FOUR ZIESOUN","Amsterdam","1432","9500+","TORK ROL 6 ST HOOG WIT","1","1","1","14","","14","21","421.84","43.25","465.09","EUR","tork_rol_6_st_hoog_wit","tork_rol_6_st_hoog_wit"
"00000018-Factuur 87460.pdf","87460","2026-04-21","Horeca Groothandel","71286969","8586.52.158 B01","NL84INGB0007527163","FOUR ZIESOUN","Amsterdam","1432","9346","PATAT LAM BWES. 9 M M (F64)","6","1","6","18","","108","9","345.88","31.13","384.21","EUR","patat_lam_bwes_9_m_m_f64","patat_lam_bwes_9_m_m_f64"
"00000018-Factuur 87460.pdf","87460","2026-04-21","Horeca Groothandel","71286969","8586.52.158 B01","NL84INGB0007527163","FOUR ZIESOUN","Amsterdam","1432","B1003","BRIOCHE HAM . BR. 80 GR 30 ST","6","1","6","13.48","","80.88","9","345.88","31.13","384.21","EUR","brioche_ham_br_80_gr_30_st","brioche_ham_br_80_gr_30_st"
"00000018-Factuur 87460.pdf","87460","2026-04-21","Horeca Groothandel","71286969","8586.52.158 B01","NL84INGB0007527163","FOUR ZIESOUN","Amsterdam","1432","1350","SPA BLAUW 24 X 0.50 CL","2","1","2","10","3.6","7.2","9","345.88","31.13","384.21","EUR","spa_blauw_24_x_0_50_cl","spa_blauw_24_x_0_50_cl"
"00000018-Factuur 87460.pdf","87460","2026-04-21","Horeca Groothandel","71286969","8586.52.158 B01","NL84INGB0007527163","FOUR ZIESOUN","Amsterdam","1432","1010","COCA COLA 24 X 0.33 CL {D}","2","1","2","12.88","","25.76","9","345.88","31.13","384.21","EUR","coca_cola_24_x_0_33_cl_d","coca_cola_24_x_0_33_cl_d"
"00000018-Factuur 87460.pdf","87460","2026-04-21","Horeca Groothandel","71286969","8586.52.158 B01","NL84INGB0007527163","FOUR ZIESOUN","Amsterdam","1432","1015","COCA COLA ZERO 24 X 0.33 CL B","2","1","2","12.88","","25.76","9","345.88","31.13","384.21","EUR","coca_cola_zero_24_x_0_33_cl_b","coca_cola_zero_24_x_0_33_cl_b"
"00000018-Factuur 87460.pdf","87460","2026-04-21","Horeca Groothandel","71286969","8586.52.158 B01","NL84INGB0007527163","FOUR ZIESOUN","Amsterdam","1432","1013","FANTA ORANGE 24 X 0.33 CL {D}","1","1","1","12.88","","12.88","9","345.88","31.13","384.21","EUR","fanta_orange_24_x_0_33_cl_d","fanta_orange_24_x_0_33_cl_d"
"00000018-Factuur 87460.pdf","87460","2026-04-21","Horeca Groothandel","71286969","8586.52.158 B01","NL84INGB0007527163","FOUR ZIESOUN","Amsterdam","1432","1134","LIPTON ICE TEA PEACH 24 X 0.33","1","1","1","16.5","","16.5","9","345.88","31.13","384.21","EUR","lipton_ice_tea_peach_24_x_0_33","lipton_ice_tea_peach_24_x_0_33"
"00000018-Factuur 87460.pdf","87460","2026-04-21","Horeca Groothandel","71286969","8586.52.158 B01","NL84INGB0007527163","FOUR ZIESOUN","Amsterdam","1432","9342+","FRISIA FRITUUROLIE 10L","3","1","3","18.7","","56.1","9","345.88","31.13","384.21","EUR","frisia_frituurolie_10l","frisia_frituurolie_10l"
"00000019-Factuur 87490.pdf","87490","2026-04-24","Horeca Groothandel","71286969","8586.52.158 B01","NL 84 INGB 0007527163","CAFE UIT KIJKEN","Amsterdam","1269","4211","CHAUDFONTIANE BLAUW 24 X","6","1","6","8.88","5","53.28","9","498.24","120.46","1028.79","EUR","chaudfontiane_blauw_24_x","chaudfontiane_blauw_24_x"
"00000019-Factuur 87490.pdf","87490","2026-04-24","Horeca Groothandel","71286969","8586.52.158 B01","NL 84 INGB 0007527163","CAFE UIT KIJKEN","Amsterdam","1269","4220","CHAUDFONTIANE ROOD 24 X 25","2","1","2","8.88","5","17.76","9","498.24","120.46","1028.79","EUR","chaudfontiane_rood_24_x_25","chaudfontiane_rood_24_x_25"
"00000019-Factuur 87490.pdf","87490","2026-04-24","Horeca Groothandel","71286969","8586.52.158 B01","NL 84 INGB 0007527163","CAFE UIT KIJKEN","Amsterdam","1269","17744","COCA COLA ZERO KRAT 24 X 0.20","3","1","3","13.59","5","40.77","9","498.24","120.46","1028.79","EUR","coca_cola_zero_krat_24_x_0_20","coca_cola_zero_krat_24_x_0_20"
"00000019-Factuur 87490.pdf","87490","2026-04-24","Horeca Groothandel","71286969","8586.52.158 B01","NL 84 INGB 0007527163","CAFE UIT KIJKEN","Amsterdam","1269","17703","FUZETEA PEACH 24 X 0.20 CL","4","1","4","15.86","5","63.44","9","498.24","120.46","1028.79","EUR","fuzetea_peach_24_x_0_20_cl","fuzetea_peach_24_x_0_20_cl"
"00000019-Factuur 87490.pdf","87490","2026-04-24","Horeca Groothandel","71286969","8586.52.158 B01","NL 84 INGB 0007527163","CAFE UIT KIJKEN","Amsterdam","1269","00002","M INUTE M AID APPEL 24 X 0.20 CL","1","1","1","17.23","5","17.23","9","498.24","120.46","1028.79","EUR","m_inute_m_aid_appel_24_x_0_20_cl","m_inute_m_aid_appel_24_x_0_20_cl"
"00000019-Factuur 87490.pdf","87490","2026-04-24","Horeca Groothandel","71286969","8586.52.158 B01","NL 84 INGB 0007527163","CAFE UIT KIJKEN","Amsterdam","1269","9512","SERVETTEN 500 ST 33 CM","20","1","20","3","","60","21","498.24","120.46","1028.79","EUR","servetten_500_st_33_cm","servetten_500_st_33_cm"
"00000019-Factuur 87490.pdf","87490","2026-04-24","Horeca Groothandel","71286969","8586.52.158 B01","NL 84 INGB 0007527163","CAFE UIT KIJKEN","Amsterdam","1269","3078","DESPERADOS {DOOS 24 ST}","1","1","1","27.93","3.9","27.93","21","498.24","120.46","1028.79","EUR","desperados_doos_24_st","desperados_doos_24_st"
"00000019-Factuur 87490.pdf","87490","2026-04-24","Horeca Groothandel","71286969","8586.52.158 B01","NL 84 INGB 0007527163","CAFE UIT KIJKEN","Amsterdam","1269","3080","CORONA BIER 24 X 0.33 CL FL.","1","1","1","25.2","","25.2","21","498.24","120.46","1028.79","EUR","corona_bier_24_x_0_33_cl_fl","corona_bier_24_x_0_33_cl_fl"
"00000019-Factuur 87490.pdf","87490","2026-04-24","Horeca Groothandel","71286969","8586.52.158 B01","NL 84 INGB 0007527163","CAFE UIT KIJKEN","Amsterdam","1269","2061","HEINEKEN BIER DAVID SE. 20 LT","2","1","2","61","30","122","21","498.24","120.46","1028.79","EUR","heineken_bier_david_se_20_lt","heineken_bier_david_se_20_lt"
"00000019-Factuur 87490.pdf","87490","2026-04-24","Horeca Groothandel","71286969","8586.52.158 B01","NL 84 INGB 0007527163","CAFE UIT KIJKEN","Amsterdam","1269","2060+","M ORETTI BIRRA 20 LT","2","1","2","62.48","30","124.96","21","498.24","120.46","1028.79","EUR","m_oretti_birra_20_lt","m_oretti_birra_20_lt"
"00000019-Factuur 87490.pdf","87490","2026-04-24","Horeca Groothandel","71286969","8586.52.158 B01","NL 84 INGB 0007527163","CAFE UIT KIJKEN","Amsterdam","1269","9346","PATAT LAM BWES. 9 M M (F64)","8","1","8","18","","144","9","498.24","120.46","1028.79","EUR","patat_lam_bwes_9_m_m_f64","patat_lam_bwes_9_m_m_f64"
"00000019-Factuur 87490.pdf","87490","2026-04-24","Horeca Groothandel","71286969","8586.52.158 B01","NL 84 INGB 0007527163","CAFE UIT KIJKEN","Amsterdam","1269","B1003","BRIOCHE HAM . BR. 80 GR 30 ST","12","1","12","13.48","","161.76","9","498.24","120.46","1028.79","EUR","brioche_ham_br_80_gr_30_st","brioche_ham_br_80_gr_30_st"
"00000019-Factuur 87490.pdf","87490","2026-04-24","Horeca Groothandel","71286969","8586.52.158 B01","NL 84 INGB 0007527163","CAFE UIT KIJKEN","Amsterdam","1269","01 -6","Embalage 0.20 x 24 {0.20 x 28}","1","1","-6","0","5","0","","498.24","120.46","1028.79","EUR","embalage_0_20_x_24_0_20_x_28","embalage_0_20_x_24_0_20_x_28"
"00000019-Factuur 87490.pdf","87490","2026-04-24","Horeca Groothandel","71286969","8586.52.158 B01","NL 84 INGB 0007527163","CAFE UIT KIJKEN","Amsterdam","1269","02 -1","Embalage 0.30 x 24{0.50 x 18}","1","1","-1","0","3.9","0","","498.24","120.46","1028.79","EUR","embalage_0_30_x_24_0_50_x_18","embalage_0_30_x_24_0_50_x_18"
"00000019-Factuur 87490.pdf","87490","2026-04-24","Horeca Groothandel","71286969","8586.52.158 B01","NL 84 INGB 0007527163","CAFE UIT KIJKEN","Amsterdam","1269","03 -2","Embalage vust bier","1","1","-2","0","30","0","","498.24","120.46","1028.79","EUR","embalage_vust_bier","embalage_vust_bier"
"00000019-Factuur 87490.pdf","87490","2026-04-24","Horeca Groothandel","71286969","8586.52.158 B01","NL 84 INGB 0007527163","CAFE UIT KIJKEN","Amsterdam","1269","03 -2","Embalage vust bier","1","1","-2","0","30","0","","498.24","120.46","1028.79","EUR","embalage_vust_bier","embalage_vust_bier"
"00000020-Factuur 87433.pdf","87433","2026-04-17","Horeca Groothandel","71286969","8586.52.158 B01","NL 84 INGB 0007527163","CAFE UIT KIJKEN","Amsterdam","1269","B1003","BRIOCHE HAM . BR. 80 GR 30 ST","8","1","8","13.48","","107.84","9","351.74","29.74","381.48","EUR","brioche_ham_br_80_gr_30_st","brioche_ham_br_80_gr_30_st"
"00000020-Factuur 87433.pdf","87433","2026-04-17","Horeca Groothandel","71286969","8586.52.158 B01","NL 84 INGB 0007527163","CAFE UIT KIJKEN","Amsterdam","1269","9346","PATAT LAM BWES. 9 M M (F64)","5","1","5","18","","90","9","351.74","29.74","381.48","EUR","patat_lam_bwes_9_m_m_f64","patat_lam_bwes_9_m_m_f64"
"00000020-Factuur 87433.pdf","87433","2026-04-17","Horeca Groothandel","71286969","8586.52.158 B01","NL 84 INGB 0007527163","CAFE UIT KIJKEN","Amsterdam","1269","17700","COCA COLA KRAT 24 X 0.20 CL","2","1","2","13.59","5","10","9","351.74","29.74","381.48","EUR","coca_cola_krat_24_x_0_20_cl","coca_cola_krat_24_x_0_20_cl"
"00000020-Factuur 87433.pdf","87433","2026-04-17","Horeca Groothandel","71286969","8586.52.158 B01","NL 84 INGB 0007527163","CAFE UIT KIJKEN","Amsterdam","1269","17744","COCA COLA ZERO KRAT 24 X 0.20","2","1","2","13.59","5","10","9","351.74","29.74","381.48","EUR","coca_cola_zero_krat_24_x_0_20","coca_cola_zero_krat_24_x_0_20"
"00000020-Factuur 87433.pdf","87433","2026-04-17","Horeca Groothandel","71286969","8586.52.158 B01","NL 84 INGB 0007527163","CAFE UIT KIJKEN","Amsterdam","1269","4211","CHAUDFONTIANE BLAUW 24 X","2","1","2","8.88","5","10","9","351.74","29.74","381.48","EUR","chaudfontiane_blauw_24_x","chaudfontiane_blauw_24_x"
"00000020-Factuur 87433.pdf","87433","2026-04-17","Horeca Groothandel","71286969","8586.52.158 B01","NL 84 INGB 0007527163","CAFE UIT KIJKEN","Amsterdam","1269","17733","FANTA ORANGE 24 X 0.20 CL","1","1","1","13.89","5","5","9","351.74","29.74","381.48","EUR","fanta_orange_24_x_0_20_cl","fanta_orange_24_x_0_20_cl"
"00000020-Factuur 87433.pdf","87433","2026-04-17","Horeca Groothandel","71286969","8586.52.158 B01","NL 84 INGB 0007527163","CAFE UIT KIJKEN","Amsterdam","1269","17733","FANTA ORANGE 24 X 0.20 CL","1","1","1","13.89","5","5","9","351.74","29.74","381.48","EUR","fanta_orange_24_x_0_20_cl","fanta_orange_24_x_0_20_cl"
"00000020-Factuur 87433.pdf","87433","2026-04-17","Horeca Groothandel","71286969","8586.52.158 B01","NL 84 INGB 0007527163","CAFE UIT KIJKEN","Amsterdam","1269","9500+","TORK ROL 6 ST HOOG WIT","1","1","1","14","","14","21","351.74","29.74","381.48","EUR","tork_rol_6_st_hoog_wit","tork_rol_6_st_hoog_wit"
"00000021-Factuur 87461.pdf","87461","2026-04-21","Horeca Groothandel","71286969","8586.52.158 B01","NL 84 INGB 0007527163","CAFE UIT KIJKEN","Amsterdam","1269","9346","PATAT LAM BWES. 9 M M (F64)","9","1","9","18","","162","9","346.34","31.17","318.61","EUR","patat_lam_bwes_9_m_m_f64","patat_lam_bwes_9_m_m_f64"
"00000021-Factuur 87461.pdf","87461","2026-04-21","Horeca Groothandel","71286969","8586.52.158 B01","NL 84 INGB 0007527163","CAFE UIT KIJKEN","Amsterdam","1269","B1003","BRIOCHE HAM . BR. 80 GR 30 ST","5","1","5","13.48","","67.4","9","346.34","31.17","318.61","EUR","brioche_ham_br_80_gr_30_st","brioche_ham_br_80_gr_30_st"
"00000021-Factuur 87461.pdf","87461","2026-04-21","Horeca Groothandel","71286969","8586.52.158 B01","NL 84 INGB 0007527163","CAFE UIT KIJKEN","Amsterdam","1269","17700","COCA COLA KRAT 24 X 0.20 CL","2","1","2","13.59","5","10","9","346.34","31.17","318.61","EUR","coca_cola_krat_24_x_0_20_cl","coca_cola_krat_24_x_0_20_cl"
"00000021-Factuur 87461.pdf","87461","2026-04-21","Horeca Groothandel","71286969","8586.52.158 B01","NL 84 INGB 0007527163","CAFE UIT KIJKEN","Amsterdam","1269","17744","COCA COLA ZERO KRAT 24 X 0.20","2","1","2","13.59","5","10","9","346.34","31.17","318.61","EUR","coca_cola_zero_krat_24_x_0_20","coca_cola_zero_krat_24_x_0_20"
"00000021-Factuur 87461.pdf","87461","2026-04-21","Horeca Groothandel","71286969","8586.52.158 B01","NL 84 INGB 0007527163","CAFE UIT KIJKEN","Amsterdam","1269","17733","FANTA ORANGE 24 X 0.20 CL","1","1","1","13.89","5","5","9","346.34","31.17","318.61","EUR","fanta_orange_24_x_0_20_cl","fanta_orange_24_x_0_20_cl"
"00000021-Factuur 87461.pdf","87461","2026-04-21","Horeca Groothandel","71286969","8586.52.158 B01","NL 84 INGB 0007527163","CAFE UIT KIJKEN","Amsterdam","1269","17777","SPRITE 24 X 0.20 CL","1","1","1","13.59","5","5","9","346.34","31.17","318.61","EUR","sprite_24_x_0_20_cl","sprite_24_x_0_20_cl"
"00000021-Factuur 87461.pdf","87461","2026-04-21","Horeca Groothandel","71286969","8586.52.158 B01","NL 84 INGB 0007527163","CAFE UIT KIJKEN","Amsterdam","1269","00002","M INUTE M AID APPEL 24 X 0.20 CL","1","1","1","17.23","5","5","9","346.34","31.17","318.61","EUR","m_inute_m_aid_appel_24_x_0_20_cl","m_inute_m_aid_appel_24_x_0_20_cl"
"00000021-Factuur 87461.pdf","87461","2026-04-21","Horeca Groothandel","71286969","8586.52.158 B01","NL 84 INGB 0007527163","CAFE UIT KIJKEN","Amsterdam","1269","5449","M INUTE M AID ORANGE 24 X 0.20","1","1","1","17.87","5","5","9","346.34","31.17","318.61","EUR","m_inute_m_aid_orange_24_x_0_20","m_inute_m_aid_orange_24_x_0_20"
"00000021-Factuur 87461.pdf","87461","2026-04-21","Horeca Groothandel","71286969","8586.52.158 B01","NL 84 INGB 0007527163","CAFE UIT KIJKEN","Amsterdam","1269","01 -7","Embalage 0.20 x 24 {0.20 x 28}","1","-7","","0","5","-35","","346.34","31.17","318.61","EUR","embalage_0_20_x_24_0_20_x_28","embalage_0_20_x_24_0_20_x_28"
"00000021-Factuur 87461.pdf","87461","2026-04-21","Horeca Groothandel","71286969","8586.52.158 B01","NL 84 INGB 0007527163","CAFE UIT KIJKEN","Amsterdam","1269","02 -1","Embalage 0.30 x 24{0.50 x 18}","1","-1","","0","3.9","-3.9","","346.34","31.17","318.61","EUR","embalage_0_30_x_24_0_50_x_18","embalage_0_30_x_24_0_50_x_18"
"00000021-Factuur 87461.pdf","87461","2026-04-21","Horeca Groothandel","71286969","8586.52.158 B01","NL 84 INGB 0007527163","CAFE UIT KIJKEN","Amsterdam","1269","03 -2","Embalage vust bier","1","-2","","0","30","-60","","346.34","31.17","318.61","EUR","embalage_vust_bier","embalage_vust_bier"
"00000022-Factuur 87409.pdf","87409","2026-04-15","Horeca Groothandel","71286969","8586.52.158 B01","NL84INGB0007527163","CAFE UIT KIJKEN","Amsterdam","1269","9346","PATAT LAM BWES. 9 M M (F64)","3","1","3","18","","54","9","242.02","21.78","239.9","EUR","patat_lam_bwes_9_m_m_f64","patat_lam_bwes_9_m_m_f64"
"00000022-Factuur 87409.pdf","87409","2026-04-15","Horeca Groothandel","71286969","8586.52.158 B01","NL84INGB0007527163","CAFE UIT KIJKEN","Amsterdam","1269","B1003","BRIOCHE HAM . BR. 80 GR 30 ST","3","1","3","13.48","","40.44","9","242.02","21.78","239.9","EUR","brioche_ham_br_80_gr_30_st","brioche_ham_br_80_gr_30_st"
"00000022-Factuur 87409.pdf","87409","2026-04-15","Horeca Groothandel","71286969","8586.52.158 B01","NL84INGB0007527163","CAFE UIT KIJKEN","Amsterdam","1269","17700","COCA COLA KRAT 24 X 0.20 CL","2","1","2","13.59","5","10","9","242.02","21.78","239.9","EUR","coca_cola_krat_24_x_0_20_cl","coca_cola_krat_24_x_0_20_cl"
"00000022-Factuur 87409.pdf","87409","2026-04-15","Horeca Groothandel","71286969","8586.52.158 B01","NL84INGB0007527163","CAFE UIT KIJKEN","Amsterdam","1269","4211","CHAUDFONTIANE BLAUW 24 X","2","1","2","8.88","5","10","9","242.02","21.78","239.9","EUR","chaudfontiane_blauw_24_x","chaudfontiane_blauw_24_x"
"00000022-Factuur 87409.pdf","87409","2026-04-15","Horeca Groothandel","71286969","8586.52.158 B01","NL84INGB0007527163","CAFE UIT KIJKEN","Amsterdam","1269","00002","M INUTE M AID APPEL 24 X 0.20 CL","2","1","2","17.23","5","10","9","242.02","21.78","239.9","EUR","m_inute_m_aid_appel_24_x_0_20_cl","m_inute_m_aid_appel_24_x_0_20_cl"
"00000022-Factuur 87409.pdf","87409","2026-04-15","Horeca Groothandel","71286969","8586.52.158 B01","NL84INGB0007527163","CAFE UIT KIJKEN","Amsterdam","1269","9342+","FRISIA FRITUUROLIE 10L","2","1","2","18.7","","37.4","9","242.02","21.78","239.9","EUR","frisia_frituurolie_10l","frisia_frituurolie_10l"
"00000022-Factuur 87409.pdf","87409","2026-04-15","Horeca Groothandel","71286969","8586.52.158 B01","NL84INGB0007527163","CAFE UIT KIJKEN","Amsterdam","1269","9723","ZAANSE M AYONNAISE 80% 10KG","1","1","1","30.78","","30.78","9","242.02","21.78","239.9","EUR","zaanse_m_ayonnaise_80_10kg","zaanse_m_ayonnaise_80_10kg"
"00000022-Factuur 87409.pdf","87409","2026-04-15","Horeca Groothandel","71286969","8586.52.158 B01","NL84INGB0007527163","CAFE UIT KIJKEN","Amsterdam","1269","01 -10","Embalage 0.20 x 24 {0.20 x 28}","1","-10","0","0","5","-50","","242.02","21.78","239.9","EUR","embalage_0_20_x_24_0_20_x_28","embalage_0_20_x_24_0_20_x_28"
"00000022-Factuur 87409.pdf","87409","2026-04-15","Horeca Groothandel","71286969","8586.52.158 B01","NL84INGB0007527163","CAFE UIT KIJKEN","Amsterdam","1269","02 -1","Embalage 0.30 x 24{0.50 x 18}","1","-1","0","0","3.9","-3.9","","242.02","21.78","239.9","EUR","embalage_0_30_x_24_0_50_x_18","embalage_0_30_x_24_0_50_x_18"
"00000023-Factuur 87409.pdf","87409","2026-04-15","Horeca Groothandel","71286969","8586.52.158 B01","NL 84 INGB 0007527163","CAFE UIT KIJKEN","Amsterdam","1269","9346","PATAT LAM BWES. 9 M M (F64)","3","1","3","18","","54","9","242.02","21.78","239.9","EUR","patat_lam_bwes_9_m_m_f64","patat_lam_bwes_9_m_m_f64"
"00000023-Factuur 87409.pdf","87409","2026-04-15","Horeca Groothandel","71286969","8586.52.158 B01","NL 84 INGB 0007527163","CAFE UIT KIJKEN","Amsterdam","1269","B1003","BRIOCHE HAM . BR. 80 GR 30 ST","3","1","3","13.48","","40.44","9","242.02","21.78","239.9","EUR","brioche_ham_br_80_gr_30_st","brioche_ham_br_80_gr_30_st"
"00000023-Factuur 87409.pdf","87409","2026-04-15","Horeca Groothandel","71286969","8586.52.158 B01","NL 84 INGB 0007527163","CAFE UIT KIJKEN","Amsterdam","1269","17700","COCA COLA KRAT 24 X 0.20 CL","2","1","2","13.59","5","27.18","9","242.02","21.78","239.9","EUR","coca_cola_krat_24_x_0_20_cl","coca_cola_krat_24_x_0_20_cl"
"00000023-Factuur 87409.pdf","87409","2026-04-15","Horeca Groothandel","71286969","8586.52.158 B01","NL 84 INGB 0007527163","CAFE UIT KIJKEN","Amsterdam","1269","4211","CHAUDFONTIANE BLAUW 24 X","2","1","2","8.88","5","17.76","9","242.02","21.78","239.9","EUR","chaudfontiane_blauw_24_x","chaudfontiane_blauw_24_x"
"00000023-Factuur 87409.pdf","87409","2026-04-15","Horeca Groothandel","71286969","8586.52.158 B01","NL 84 INGB 0007527163","CAFE UIT KIJKEN","Amsterdam","1269","00002","M INUTE M AID APPEL 24 X 0.20 CL","2","1","2","17.23","5","34.46","9","242.02","21.78","239.9","EUR","m_inute_m_aid_appel_24_x_0_20_cl","m_inute_m_aid_appel_24_x_0_20_cl"
"00000023-Factuur 87409.pdf","87409","2026-04-15","Horeca Groothandel","71286969","8586.52.158 B01","NL 84 INGB 0007527163","CAFE UIT KIJKEN","Amsterdam","1269","9342+","FRISIA FRITUUROLIE 10L","2","1","2","18.7","","37.4","9","242.02","21.78","239.9","EUR","frisia_frituurolie_10l","frisia_frituurolie_10l"
"00000023-Factuur 87409.pdf","87409","2026-04-15","Horeca Groothandel","71286969","8586.52.158 B01","NL 84 INGB 0007527163","CAFE UIT KIJKEN","Amsterdam","1269","9723","ZAANSE M AYONNAISE 80% 10KG","1","1","1","30.78","","30.78","9","242.02","21.78","239.9","EUR","zaanse_m_ayonnaise_80_10kg","zaanse_m_ayonnaise_80_10kg"
"00000023-Factuur 87409.pdf","87409","2026-04-15","Horeca Groothandel","71286969","8586.52.158 B01","NL 84 INGB 0007527163","CAFE UIT KIJKEN","Amsterdam","1269","01 -10","Embalage 0.20 x 24 {0.20 x 28}","1","-10","0","0","5","0","","242.02","21.78","239.9","EUR","embalage_0_20_x_24_0_20_x_28","embalage_0_20_x_24_0_20_x_28"
"00000023-Factuur 87409.pdf","87409","2026-04-15","Horeca Groothandel","71286969","8586.52.158 B01","NL 84 INGB 0007527163","CAFE UIT KIJKEN","Amsterdam","1269","02 -1","Embalage 0.30 x 24{0.50 x 18}","1","-1","0","0","3.9","0","","242.02","21.78","239.9","EUR","embalage_0_30_x_24_0_50_x_18","embalage_0_30_x_24_0_50_x_18"
"00000024-Factuur 87314.pdf","87314","2026-04-03","Horeca Groothandel","71286969","8586.52.158 B01","NL 84 INGB 0007527163","FOUR ZIESOUN","Amsterdam","1432","9347","PATAT LAM BW. 18 M M {F 69 }","12","1","12","19","","228","9","592.9","55.14","667.29","EUR","patat_lam_bw_18_m_m_f_69","patat_lam_bw_18_m_m_f_69"
"00000024-Factuur 87314.pdf","87314","2026-04-03","Horeca Groothandel","71286969","8586.52.158 B01","NL 84 INGB 0007527163","FOUR ZIESOUN","Amsterdam","1432","B1003","BRIOCHE HAM . BR. 80 GR 30 ST","10","1","10","13.48","","134.8","9","592.9","55.14","667.29","EUR","brioche_ham_br_80_gr_30_st","brioche_ham_br_80_gr_30_st"
"00000024-Factuur 87314.pdf","87314","2026-04-03","Horeca Groothandel","71286969","8586.52.158 B01","NL 84 INGB 0007527163","FOUR ZIESOUN","Amsterdam","1432","9723","ZAANSE M AYONNAISE 80% 10KG","2","1","2","30.78","","61.56","9","592.9","55.14","667.29","EUR","zaanse_m_ayonnaise_80_10kg","zaanse_m_ayonnaise_80_10kg"
"00000024-Factuur 87314.pdf","87314","2026-04-03","Horeca Groothandel","71286969","8586.52.158 B01","NL 84 INGB 0007527163","FOUR ZIESOUN","Amsterdam","1432","9758","LEVO TOM ATEN KETCHUP 10 KG","2","1","2","24.19","","48.38","9","592.9","55.14","667.29","EUR","levo_tom_aten_ketchup_10_kg","levo_tom_aten_ketchup_10_kg"
"00000024-Factuur 87314.pdf","87314","2026-04-03","Horeca Groothandel","71286969","8586.52.158 B01","NL 84 INGB 0007527163","FOUR ZIESOUN","Amsterdam","1432","1350","SPA BLAUW 24 X 0.50 CL","3","1","3","10","3.6","10.8","9","592.9","55.14","667.29","EUR","spa_blauw_24_x_0_50_cl","spa_blauw_24_x_0_50_cl"
"00000024-Factuur 87314.pdf","87314","2026-04-03","Horeca Groothandel","71286969","8586.52.158 B01","NL 84 INGB 0007527163","FOUR ZIESOUN","Amsterdam","1432","1010","COCA COLA 24 X 0.33 CL {D}","3","1","3","12.88","","38.64","9","592.9","55.14","667.29","EUR","coca_cola_24_x_0_33_cl_d","coca_cola_24_x_0_33_cl_d"
"00000024-Factuur 87314.pdf","87314","2026-04-03","Horeca Groothandel","71286969","8586.52.158 B01","NL 84 INGB 0007527163","FOUR ZIESOUN","Amsterdam","1432","1015","COCA COLA ZERO 24 X 0.33 CL B","2","1","2","12.88","","25.76","9","592.9","55.14","667.29","EUR","coca_cola_zero_24_x_0_33_cl_b","coca_cola_zero_24_x_0_33_cl_b"
"00000024-Factuur 87314.pdf","87314","2026-04-03","Horeca Groothandel","71286969","8586.52.158 B01","NL 84 INGB 0007527163","FOUR ZIESOUN","Amsterdam","1432","1013","FANTA ORANGE 24 X 0.33 CL {D}","2","1","2","12.88","","25.76","9","592.9","55.14","667.29","EUR","fanta_orange_24_x_0_33_cl_d","fanta_orange_24_x_0_33_cl_d"
"00000024-Factuur 87314.pdf","87314","2026-04-03","Horeca Groothandel","71286969","8586.52.158 B01","NL 84 INGB 0007527163","FOUR ZIESOUN","Amsterdam","1432","220069","DRINKRIETJE PAPIER 100 st. 6mm/","5","1","5","1.69","","8.45","21","592.9","55.14","667.29","EUR","drinkrietje_papier_100_st_6mm","drinkrietje_papier_100_st_6mm"
"00000025-Factuur 87347.pdf","87347","2026-04-07","Horeca Groothandel","71286969","8586.52.158 B01","NL84INGB0007527163","FOUR ZIESOUN","Amsterdam","1432","9346","PATAT LAM BWES. 9 M M (F64)","12","1","12","18","","216","9","605.8","54.52","667.52","EUR","patat_lam_bwes_9_m_m_f64","patat_lam_bwes_9_m_m_f64"
"00000025-Factuur 87347.pdf","87347","2026-04-07","Horeca Groothandel","71286969","8586.52.158 B01","NL84INGB0007527163","FOUR ZIESOUN","Amsterdam","1432","B1003","BRIOCHE HAM . BR. 80 GR 30 ST","10","1","10","13.48","","134.8","9","605.8","54.52","667.52","EUR","brioche_ham_br_80_gr_30_st","brioche_ham_br_80_gr_30_st"
"00000025-Factuur 87347.pdf","87347","2026-04-07","Horeca Groothandel","71286969","8586.52.158 B01","NL84INGB0007527163","FOUR ZIESOUN","Amsterdam","1432","1010","COCA COLA 24 X 0.33 CL {D}","2","1","2","12.88","","25.76","9","605.8","54.52","667.52","EUR","coca_cola_24_x_0_33_cl_d","coca_cola_24_x_0_33_cl_d"
"00000025-Factuur 87347.pdf","87347","2026-04-07","Horeca Groothandel","71286969","8586.52.158 B01","NL84INGB0007527163","FOUR ZIESOUN","Amsterdam","1432","1015","COCA COLA ZERO 24 X 0.33 CL B","2","1","2","12.88","","25.76","9","605.8","54.52","667.52","EUR","coca_cola_zero_24_x_0_33_cl_b","coca_cola_zero_24_x_0_33_cl_b"
"00000025-Factuur 87347.pdf","87347","2026-04-07","Horeca Groothandel","71286969","8586.52.158 B01","NL84INGB0007527163","FOUR ZIESOUN","Amsterdam","1432","1350","SPA BLAUW 24 X 0.50 CL","2","1","2","10","3.6","20","9","605.8","54.52","667.52","EUR","spa_blauw_24_x_0_50_cl","spa_blauw_24_x_0_50_cl"
"00000025-Factuur 87347.pdf","87347","2026-04-07","Horeca Groothandel","71286969","8586.52.158 B01","NL84INGB0007527163","FOUR ZIESOUN","Amsterdam","1432","1134","LIPTON ICE TEA PEACH 24 X 0.33","2","1","2","16.5","","33","9","605.8","54.52","667.52","EUR","lipton_ice_tea_peach_24_x_0_33","lipton_ice_tea_peach_24_x_0_33"
"00000025-Factuur 87347.pdf","87347","2026-04-07","Horeca Groothandel","71286969","8586.52.158 B01","NL84INGB0007527163","FOUR ZIESOUN","Amsterdam","1432","1013","FANTA ORANGE 24 X 0.33 CL {D}","4","1","4","12.88","","51.52","9","605.8","54.52","667.52","EUR","fanta_orange_24_x_0_33_cl_d","fanta_orange_24_x_0_33_cl_d"
"00000025-Factuur 87347.pdf","87347","2026-04-07","Horeca Groothandel","71286969","8586.52.158 B01","NL84INGB0007527163","FOUR ZIESOUN","Amsterdam","1432","9723","ZAANSE M AYONNAISE 80% 10KG","2","1","2","30.78","","61.56","9","605.8","54.52","667.52","EUR","zaanse_m_ayonnaise_80_10kg","zaanse_m_ayonnaise_80_10kg"
"00000025-Factuur 87347.pdf","87347","2026-04-07","Horeca Groothandel","71286969","8586.52.158 B01","NL84INGB0007527163","FOUR ZIESOUN","Amsterdam","1432","9342+","FRISIA FRITUUROLIE 10L","2","1","2","18.7","","37.4","9","605.8","54.52","667.52","EUR","frisia_frituurolie_10l","frisia_frituurolie_10l"
"00000026-Factuur 87383.pdf","87383","2026-04-10","Horeca Groothandel","71286969","8586.52.158 B01","NL84INGB0007527163","FOUR ZIESOUN","Amsterdam","1432","9346","PATAT LAM BWES. 9 M M (F64)","12","1","12","18","","216","9","527.18","52.94","580.12","EUR","patat_lam_bwes_9_m_m_f64","patat_lam_bwes_9_m_m_f64"
"00000026-Factuur 87383.pdf","87383","2026-04-10","Horeca Groothandel","71286969","8586.52.158 B01","NL84INGB0007527163","FOUR ZIESOUN","Amsterdam","1432","B1003","BRIOCHE HAM . BR. 80 GR 30 ST","9","1","9","13.48","","121.32","9","527.18","52.94","580.12","EUR","brioche_ham_br_80_gr_30_st","brioche_ham_br_80_gr_30_st"
"00000026-Factuur 87383.pdf","87383","2026-04-10","Horeca Groothandel","71286969","8586.52.158 B01","NL84INGB0007527163","FOUR ZIESOUN","Amsterdam","1432","1010","COCA COLA 24 X 0.33 CL {D}","3","1","3","12.88","","38.64","9","527.18","52.94","580.12","EUR","coca_cola_24_x_0_33_cl_d","coca_cola_24_x_0_33_cl_d"
"00000026-Factuur 87383.pdf","87383","2026-04-10","Horeca Groothandel","71286969","8586.52.158 B01","NL84INGB0007527163","FOUR ZIESOUN","Amsterdam","1432","1015","COCA COLA ZERO 24 X 0.33 CL B","3","1","3","12.88","","38.64","9","527.18","52.94","580.12","EUR","coca_cola_zero_24_x_0_33_cl_b","coca_cola_zero_24_x_0_33_cl_b"
"00000026-Factuur 87383.pdf","87383","2026-04-10","Horeca Groothandel","71286969","8586.52.158 B01","NL84INGB0007527163","FOUR ZIESOUN","Amsterdam","1432","1134","LIPTON ICE TEA PEACH 24 X 0.33","1","1","1","16.5","","16.5","9","527.18","52.94","580.12","EUR","lipton_ice_tea_peach_24_x_0_33","lipton_ice_tea_peach_24_x_0_33"
"00000026-Factuur 87383.pdf","87383","2026-04-10","Horeca Groothandel","71286969","8586.52.158 B01","NL84INGB0007527163","FOUR ZIESOUN","Amsterdam","1432","1013","FANTA ORANGE 24 X 0.33 CL {D}","1","1","1","12.88","","12.88","9","527.18","52.94","580.12","EUR","fanta_orange_24_x_0_33_cl_d","fanta_orange_24_x_0_33_cl_d"
"00000026-Factuur 87383.pdf","87383","2026-04-10","Horeca Groothandel","71286969","8586.52.158 B01","NL84INGB0007527163","FOUR ZIESOUN","Amsterdam","1432","9500+","TORK ROL 6 ST HOOG WIT","2","1","2","14","","28","21","527.18","52.94","580.12","EUR","tork_rol_6_st_hoog_wit","tork_rol_6_st_hoog_wit"
"00000026-Factuur 87383.pdf","87383","2026-04-10","Horeca Groothandel","71286969","8586.52.158 B01","NL84INGB0007527163","FOUR ZIESOUN","Amsterdam","1432","220069","DRINKRIETJE PAPIER 100 st. 6mm/","5","1","5","1.69","","8.45","21","527.18","52.94","580.12","EUR","drinkrietje_papier_100_st_6mm","drinkrietje_papier_100_st_6mm"
"00000026-Factuur 87383.pdf","87383","2026-04-10","Horeca Groothandel","71286969","8586.52.158 B01","NL84INGB0007527163","FOUR ZIESOUN","Amsterdam","1432","9841","SCHUURSPONS GROOT 10 ST","1","1","1","5.6","","5.6","21","527.18","52.94","580.12","EUR","schuurspons_groot_10_st","schuurspons_groot_10_st"
"00000026-Factuur 87383.pdf","87383","2026-04-10","Horeca Groothandel","71286969","8586.52.158 B01","NL84INGB0007527163","FOUR ZIESOUN","Amsterdam","1432","9542","GEEL DOEK 10 st","1","1","1","3.75","","3.75","21","527.18","52.94","580.12","EUR","geel_doek_10_st","geel_doek_10_st"
"00000026-Factuur 87383.pdf","87383","2026-04-10","Horeca Groothandel","71286969","8586.52.158 B01","NL84INGB0007527163","FOUR ZIESOUN","Amsterdam","1432","9342+","FRISIA FRITUUROLIE 10L","2","1","2","18.7","","37.4","9","527.18","52.94","580.12","EUR","frisia_frituurolie_10l","frisia_frituurolie_10l"
"00000027-Factuur 87313.pdf","87313","2026-04-03","Horeca Groothandel","71286969","8586.52.158 B01","NL84INGB0007527163","CAFE UIT KIJKEN","Amsterdam","1269","9347","PATAT LAM BW. 18 M M {F 69 }","10","1","10","19","","190","9","1302.27","155","1457.27","EUR","patat_lam_bw_18_m_m_f_69","patat_lam_bw_18_m_m_f_69"
"00000027-Factuur 87313.pdf","87313","2026-04-03","Horeca Groothandel","71286969","8586.52.158 B01","NL84INGB0007527163","CAFE UIT KIJKEN","Amsterdam","1269","17700","COCA COLA KRAT 24 X 0.20 CL","8","1","8","13.59","5","40","9","1302.27","155","1457.27","EUR","coca_cola_krat_24_x_0_20_cl","coca_cola_krat_24_x_0_20_cl"
"00000027-Factuur 87313.pdf","87313","2026-04-03","Horeca Groothandel","71286969","8586.52.158 B01","NL84INGB0007527163","CAFE UIT KIJKEN","Amsterdam","1269","17744","COCA COLA ZERO KRAT 24 X 0.20","4","1","4","13.59","5","20","9","1302.27","155","1457.27","EUR","coca_cola_zero_krat_24_x_0_20","coca_cola_zero_krat_24_x_0_20"
"00000027-Factuur 87313.pdf","87313","2026-04-03","Horeca Groothandel","71286969","8586.52.158 B01","NL84INGB0007527163","CAFE UIT KIJKEN","Amsterdam","1269","17733","FANTA ORANGE 24 X 0.20 CL","2","1","2","13.89","5","10","9","1302.27","155","1457.27","EUR","fanta_orange_24_x_0_20_cl","fanta_orange_24_x_0_20_cl"
"00000027-Factuur 87313.pdf","87313","2026-04-03","Horeca Groothandel","71286969","8586.52.158 B01","NL84INGB0007527163","CAFE UIT KIJKEN","Amsterdam","1269","17777","SPRITE 24 X 0.20 CL","1","1","1","13.59","5","5","9","1302.27","155","1457.27","EUR","sprite_24_x_0_20_cl","sprite_24_x_0_20_cl"
"00000027-Factuur 87313.pdf","87313","2026-04-03","Horeca Groothandel","71286969","8586.52.158 B01","NL84INGB0007527163","CAFE UIT KIJKEN","Amsterdam","1269","4211","CHAUDFONTIANE BLAUW 24 X","5","1","5","8.88","5","25","9","1302.27","155","1457.27","EUR","chaudfontiane_blauw_24_x","chaudfontiane_blauw_24_x"
"00000027-Factuur 87313.pdf","87313","2026-04-03","Horeca Groothandel","71286969","8586.52.158 B01","NL84INGB0007527163","CAFE UIT KIJKEN","Amsterdam","1269","4220","CHAUDFONTIANE ROOD 24 X 25","1","1","1","8.88","5","5","9","1302.27","155","1457.27","EUR","chaudfontiane_rood_24_x_25","chaudfontiane_rood_24_x_25"
"00000027-Factuur 87313.pdf","87313","2026-04-03","Horeca Groothandel","71286969","8586.52.158 B01","NL84INGB0007527163","CAFE UIT KIJKEN","Amsterdam","1269","00001","M INUTE M AID APPEL 24 X 0.33 CL","1","1","1","17.78","","","9","1302.27","155","1457.27","EUR","m_inute_m_aid_appel_24_x_0_33_cl","m_inute_m_aid_appel_24_x_0_33_cl"
"00000027-Factuur 87313.pdf","87313","2026-04-03","Horeca Groothandel","71286969","8586.52.158 B01","NL84INGB0007527163","CAFE UIT KIJKEN","Amsterdam","1269","5449","M INUTE M AID ORANGE 24 X 0.20","1","1","1","17.87","5","5","9","1302.27","155","1457.27","EUR","m_inute_m_aid_orange_24_x_0_20","m_inute_m_aid_orange_24_x_0_20"
"00000027-Factuur 87313.pdf","87313","2026-04-03","Horeca Groothandel","71286969","8586.52.158 B01","NL84INGB0007527163","CAFE UIT KIJKEN","Amsterdam","1269","17702","FUZETEA GREEN 24 X 0.20 CL","1","1","1","15.86","5","5","9","1302.27","155","1457.27","EUR","fuzetea_green_24_x_0_20_cl","fuzetea_green_24_x_0_20_cl"
"00000027-Factuur 87313.pdf","87313","2026-04-03","Horeca Groothandel","71286969","8586.52.158 B01","NL84INGB0007527163","CAFE UIT KIJKEN","Amsterdam","1269","17703","FUZETEA PEACH 24 X 0.20 CL","1","1","1","15.86","5","5","9","1302.27","155","1457.27","EUR","fuzetea_peach_24_x_0_20_cl","fuzetea_peach_24_x_0_20_cl"
"00000027-Factuur 87313.pdf","87313","2026-04-03","Horeca Groothandel","71286969","8586.52.158 B01","NL84INGB0007527163","CAFE UIT KIJKEN","Amsterdam","1269","3077","BIRRA PERONI NASTRO","1","1","1","21.8","3.9","3.9","21","1302.27","155","1457.27","EUR","birra_peroni_nastro","birra_peroni_nastro"
"00000027-Factuur 87313.pdf","87313","2026-04-03","Horeca Groothandel","71286969","8586.52.158 B01","NL84INGB0007527163","CAFE UIT KIJKEN","Amsterdam","1269","9336+-","NAARM AN HOUDBAAR M ELK12","1","1","1","14.8","","","9","1302.27","155","1457.27","EUR","naarm_an_houdbaar_m_elk12","naarm_an_houdbaar_m_elk12"
"00000027-Factuur 87313.pdf","87313","2026-04-03","Horeca Groothandel","71286969","8586.52.158 B01","NL84INGB0007527163","CAFE UIT KIJKEN","Amsterdam","1269","06123","SLAGROOM SPUITBUS","1","1","1","8.64","","","9","1302.27","155","1457.27","EUR","slagroom_spuitbus","slagroom_spuitbus"
"00000027-Factuur 87313.pdf","87313","2026-04-03","Horeca Groothandel","71286969","8586.52.158 B01","NL84INGB0007527163","CAFE UIT KIJKEN","Amsterdam","1269","9342+","FRISIA FRITUUROLIE 10L","1","1","1","18.7","","","9","1302.27","155","1457.27","EUR","frisia_frituurolie_10l","frisia_frituurolie_10l"
"00000027-Factuur 87313.pdf","87313","2026-04-03","Horeca Groothandel","71286969","8586.52.158 B01","NL84INGB0007527163","CAFE UIT KIJKEN","Amsterdam","1269","90495113","ROYAAL TONIC 24 X 0.20 CL","1","1","1","16.84","5","5","9","1302.27","155","1457.27","EUR","royaal_tonic_24_x_0_20_cl","royaal_tonic_24_x_0_20_cl"
"00000027-Factuur 87313.pdf","87313","2026-04-03","Horeca Groothandel","71286969","8586.52.158 B01","NL84INGB0007527163","CAFE UIT KIJKEN","Amsterdam","1269","9512","SERVETTEN 500 ST 33 CM","10","1","10","3","","","21","1302.27","155","1457.27","EUR","servetten_500_st_33_cm","servetten_500_st_33_cm"
"00000027-Factuur 87313.pdf","87313","2026-04-03","Horeca Groothandel","71286969","8586.52.158 B01","NL84INGB0007527163","CAFE UIT KIJKEN","Amsterdam","1269","2060+","M ORETTI BIRRA 20 LT","2","1","2","63","30","60","21","1302.27","155","1457.27","EUR","m_oretti_birra_20_lt","m_oretti_birra_20_lt"
"00000027-Factuur 87313.pdf","87313","2026-04-03","Horeca Groothandel","71286969","8586.52.158 B01","NL84INGB0007527163","CAFE UIT KIJKEN","Amsterdam","1269","2061","HEINEKEN BIER DAVID SE. 20 LT","2","1","2","61","30","60","21","1302.27","155","1457.27","EUR","heineken_bier_david_se_20_lt","heineken_bier_david_se_20_lt"
"00000027-Factuur 87313.pdf","87313","2026-04-03","Horeca Groothandel","71286969","8586.52.158 B01","NL84INGB0007527163","CAFE UIT KIJKEN","Amsterdam","1269","03 -3","Embalage vust bier","1","1","-3","0","30","-90","","1302.27","155","1457.27","EUR","embalage_vust_bier","embalage_vust_bier"
"00000027-Factuur 87313.pdf","87313","2026-04-03","Horeca Groothandel","71286969","8586.52.158 B01","NL84INGB0007527163","CAFE UIT KIJKEN","Amsterdam","1269","02 -1","Embalage 0.30 x 24{0.50 x 18}","1","1","-1","0","3.9","-3.9","","1302.27","155","1457.27","EUR","embalage_0_30_x_24_0_50_x_18","embalage_0_30_x_24_0_50_x_18"
"00000027-Factuur 87313.pdf","87313","2026-04-03","Horeca Groothandel","71286969","8586.52.158 B01","NL84INGB0007527163","CAFE UIT KIJKEN","Amsterdam","1269","01 -5","Embalage 0.20 x 24 {0.20 x 28}","1","1","-5","0","5","-25","","1302.27","155","1457.27","EUR","embalage_0_20_x_24_0_20_x_28","embalage_0_20_x_24_0_20_x_28"
"00000027-Factuur 87313.pdf","87313","2026-04-03","Horeca Groothandel","71286969","8586.52.158 B01","NL84INGB0007527163","CAFE UIT KIJKEN","Amsterdam","1269","++","++","1","1","1","0","","","9","1302.27","155","1457.27","EUR","",""
"00000027-Factuur 87313.pdf","87313","2026-04-03","Horeca Groothandel","71286969","8586.52.158 B01","NL84INGB0007527163","CAFE UIT KIJKEN","Amsterdam","1269","++","++","1","1","1","0","","","9","1302.27","155","1457.27","EUR","",""
"00000027-Factuur 87313.pdf","87313","2026-04-03","Horeca Groothandel","71286969","8586.52.158 B01","NL84INGB0007527163","CAFE UIT KIJKEN","Amsterdam","1269","5-4-2026","5-4-2026","1","1","1","0","","","9","1302.27","155","1457.27","EUR","5_4_2026","5_4_2026"
"00000027-Factuur 87313.pdf","87313","2026-04-03","Horeca Groothandel","71286969","8586.52.158 B01","NL84INGB0007527163","CAFE UIT KIJKEN","Amsterdam","1269","9727","TRUFFEL M AYO 2.50 KG","2","1","2","16.6","","","9","1302.27","155","1457.27","EUR","truffel_m_ayo_2_50_kg","truffel_m_ayo_2_50_kg"
"00000027-Factuur 87313.pdf","87313","2026-04-03","Horeca Groothandel","71286969","8586.52.158 B01","NL84INGB0007527163","CAFE UIT KIJKEN","Amsterdam","1269","9347","PATAT LAM BW. 18 M M {F 69 }","1","1","1","19","","","9","1302.27","155","1457.27","EUR","patat_lam_bw_18_m_m_f_69","patat_lam_bw_18_m_m_f_69"
"00000027-Factuur 87313.pdf","87313","2026-04-03","Horeca Groothandel","71286969","8586.52.158 B01","NL84INGB0007527163","CAFE UIT KIJKEN","Amsterdam","1269","9347","PATAT LAM BW. 18 M M {F 69 }","10","1","10","19","","","9","1302.27","155","1457.27","EUR","patat_lam_bw_18_m_m_f_69","patat_lam_bw_18_m_m_f_69"
"00000027-Factuur 87313.pdf","87313","2026-04-03","Horeca Groothandel","71286969","8586.52.158 B01","NL84INGB0007527163","CAFE UIT KIJKEN","Amsterdam","1269","B1003","BRIOCHE HAM . BR. 80 GR 30 ST","8","1","8","13.48","","","9","1302.27","155","1457.27","EUR","brioche_ham_br_80_gr_30_st","brioche_ham_br_80_gr_30_st"
"00000027-Factuur 87313.pdf","87313","2026-04-03","Horeca Groothandel","71286969","8586.52.158 B01","NL84INGB0007527163","CAFE UIT KIJKEN","Amsterdam","1269","220069","DRINKRIETJE PAPIER 100 st. 6mm/","25","1","25","1.69","","","21","1302.27","155","1457.27","EUR","drinkrietje_papier_100_st_6mm","drinkrietje_papier_100_st_6mm"
"00000027-Factuur 87313.pdf","87313","2026-04-03","Horeca Groothandel","71286969","8586.52.158 B01","NL84INGB0007527163","CAFE UIT KIJKEN","Amsterdam","1269","03 -2","Embalage vust bier","1","1","-2","0","30","-60","","1302.27","155","1457.27","EUR","embalage_vust_bier","embalage_vust_bier"
"00000027-Factuur 87313.pdf","87313","2026-04-03","Horeca Groothandel","71286969","8586.52.158 B01","NL84INGB0007527163","CAFE UIT KIJKEN","Amsterdam","1269","01 -6","Embalage 0.20 x 24 {0.20 x 28}","1","1","-6","0","5","-30","","1302.27","155","1457.27","EUR","embalage_0_20_x_24_0_20_x_28","embalage_0_20_x_24_0_20_x_28"
"00000027-Factuur 87313.pdf","87313","2026-04-03","Horeca Groothandel","71286969","8586.52.158 B01","NL84INGB0007527163","CAFE UIT KIJKEN","Amsterdam","1269","02 -1","Embalage 0.30 x 24{0.50 x 18}","1","1","-1","0","3.9","-3.9","","1302.27","155","1457.27","EUR","embalage_0_30_x_24_0_50_x_18","embalage_0_30_x_24_0_50_x_18"
"00000028-Factuur 87349.pdf","87349","2026-04-07","Horeca Groothandel","71286969","8586.52.158 B01","NL84INGB0007527163","CAFE UIT KIJKEN","Amsterdam","1269","9346","PATAT LAM BWES. 9 M M (F64)","9","1","9","18","","162","9","406.32","36.57","432.89","EUR","patat_lam_bwes_9_m_m_f64","patat_lam_bwes_9_m_m_f64"
"00000028-Factuur 87349.pdf","87349","2026-04-07","Horeca Groothandel","71286969","8586.52.158 B01","NL84INGB0007527163","CAFE UIT KIJKEN","Amsterdam","1269","B1003","BRIOCHE HAM . BR. 80 GR 30 ST","10","1","10","13.48","","134.8","9","406.32","36.57","432.89","EUR","brioche_ham_br_80_gr_30_st","brioche_ham_br_80_gr_30_st"
"00000028-Factuur 87349.pdf","87349","2026-04-07","Horeca Groothandel","71286969","8586.52.158 B01","NL84INGB0007527163","CAFE UIT KIJKEN","Amsterdam","1269","9342+","FRISIA FRITUUROLIE 10L","2","1","2","18.7","","37.4","9","406.32","36.57","432.89","EUR","frisia_frituurolie_10l","frisia_frituurolie_10l"
"00000028-Factuur 87349.pdf","87349","2026-04-07","Horeca Groothandel","71286969","8586.52.158 B01","NL84INGB0007527163","CAFE UIT KIJKEN","Amsterdam","1269","4211","CHAUDFONTIANE BLAUW 24 X","2","1","2","8.88","5","10","9","406.32","36.57","432.89","EUR","chaudfontiane_blauw_24_x","chaudfontiane_blauw_24_x"
"00000028-Factuur 87349.pdf","87349","2026-04-07","Horeca Groothandel","71286969","8586.52.158 B01","NL84INGB0007527163","CAFE UIT KIJKEN","Amsterdam","1269","17700","COCA COLA KRAT 24 X 0.20 CL","2","1","2","13.59","5","10","9","406.32","36.57","432.89","EUR","coca_cola_krat_24_x_0_20_cl","coca_cola_krat_24_x_0_20_cl"
"00000028-Factuur 87349.pdf","87349","2026-04-07","Horeca Groothandel","71286969","8586.52.158 B01","NL84INGB0007527163","CAFE UIT KIJKEN","Amsterdam","1269","17744","COCA COLA ZERO KRAT 24 X 0.20","2","1","2","13.59","5","10","9","406.32","36.57","432.89","EUR","coca_cola_zero_krat_24_x_0_20","coca_cola_zero_krat_24_x_0_20"
"00000028-Factuur 87349.pdf","87349","2026-04-07","Horeca Groothandel","71286969","8586.52.158 B01","NL84INGB0007527163","CAFE UIT KIJKEN","Amsterdam","1269","01 -8","Embalage 0.20 x 24 {0.20 x 28}","1","-8","-8","0","5","-40","9","406.32","36.57","432.89","EUR","embalage_0_20_x_24_0_20_x_28","embalage_0_20_x_24_0_20_x_28"
"00000029-Factuur 87382.pdf","87382","2026-04-10","Horeca Groothandel","71286969","8586.52.158 B01","NL84INGB0007527163","CAFE UIT KIJKEN","Amsterdam","1269","9346","PATAT LAM BWES. 9 M M (F64)","10","1","10","18","","180","9","503.02","38.51","463.83","EUR","patat_lam_bwes_9_m_m_f64","patat_lam_bwes_9_m_m_f64"
"00000029-Factuur 87382.pdf","87382","2026-04-10","Horeca Groothandel","71286969","8586.52.158 B01","NL84INGB0007527163","CAFE UIT KIJKEN","Amsterdam","1269","B1003","BRIOCHE HAM . BR. 80 GR 30 ST","10","1","10","13.48","","134.8","9","503.02","38.51","463.83","EUR","brioche_ham_br_80_gr_30_st","brioche_ham_br_80_gr_30_st"
"00000029-Factuur 87382.pdf","87382","2026-04-10","Horeca Groothandel","71286969","8586.52.158 B01","NL84INGB0007527163","CAFE UIT KIJKEN","Amsterdam","1269","17700","COCA COLA KRAT 24 X 0.20 CL","5","1","5","13.59","5","25","9","503.02","38.51","463.83","EUR","coca_cola_krat_24_x_0_20_cl","coca_cola_krat_24_x_0_20_cl"
"00000029-Factuur 87382.pdf","87382","2026-04-10","Horeca Groothandel","71286969","8586.52.158 B01","NL84INGB0007527163","CAFE UIT KIJKEN","Amsterdam","1269","17744","COCA COLA ZERO KRAT 24 X 0.20","5","1","5","13.59","5","25","9","503.02","38.51","463.83","EUR","coca_cola_zero_krat_24_x_0_20","coca_cola_zero_krat_24_x_0_20"
"00000029-Factuur 87382.pdf","87382","2026-04-10","Horeca Groothandel","71286969","8586.52.158 B01","NL84INGB0007527163","CAFE UIT KIJKEN","Amsterdam","1269","2058","APPLE BANDIT KRAT 24 X 30 CL","2","1","2","23.4","3.9","7.8","21","503.02","38.51","463.83","EUR","apple_bandit_krat_24_x_30_cl","apple_bandit_krat_24_x_30_cl"
"00000029-Factuur 87382.pdf","87382","2026-04-10","Horeca Groothandel","71286969","8586.52.158 B01","NL84INGB0007527163","CAFE UIT KIJKEN","Amsterdam","1269","3077","BIRRA PERONI NASTRO","2","1","2","21.8","3.9","7.8","21","503.02","38.51","463.83","EUR","birra_peroni_nastro","birra_peroni_nastro"
"00000029-Factuur 87382.pdf","87382","2026-04-10","Horeca Groothandel","71286969","8586.52.158 B01","NL84INGB0007527163","CAFE UIT KIJKEN","Amsterdam","1269","3030","AM STEL BIER 24 X 0.30 FL.","1","1","1","17.4","3.9","3.9","21","503.02","38.51","463.83","EUR","am_stel_bier_24_x_0_30_fl","am_stel_bier_24_x_0_30_fl"
"00000029-Factuur 87382.pdf","87382","2026-04-10","Horeca Groothandel","71286969","8586.52.158 B01","NL84INGB0007527163","CAFE UIT KIJKEN","Amsterdam","1269","4211","CHAUDFONTIANE BLAUW 24 X","2","1","2","8.88","5","10","9","503.02","38.51","463.83","EUR","chaudfontiane_blauw_24_x","chaudfontiane_blauw_24_x"
"00000029-Factuur 87382.pdf","87382","2026-04-10","Horeca Groothandel","71286969","8586.52.158 B01","NL84INGB0007527163","CAFE UIT KIJKEN","Amsterdam","1269","17703","FUZETEA PEACH 24 X 0.20 CL","1","1","1","15.86","5","5","9","503.02","38.51","463.83","EUR","fuzetea_peach_24_x_0_20_cl","fuzetea_peach_24_x_0_20_cl"
"00000029-Factuur 87382.pdf","87382","2026-04-10","Horeca Groothandel","71286969","8586.52.158 B01","NL84INGB0007527163","CAFE UIT KIJKEN","Amsterdam","1269","9342+4","FRISIA FRITUUROLIE 10L","1","1","1","18.7","","18.7","9","503.02","38.51","463.83","EUR","frisia_frituurolie_10l","frisia_frituurolie_10l"
"00000029-Factuur 87382.pdf","87382","2026-04-10","Horeca Groothandel","71286969","8586.52.158 B01","NL84INGB0007527163","CAFE UIT KIJKEN","Amsterdam","1269","9500+ -10","TORK ROL 6 ST HOOG WIT","1","1","-10","14","","-140","21","503.02","38.51","463.83","EUR","tork_rol_6_st_hoog_wit","tork_rol_6_st_hoog_wit"
"00000029-Factuur 87382.pdf","87382","2026-04-10","Horeca Groothandel","71286969","8586.52.158 B01","NL84INGB0007527163","CAFE UIT KIJKEN","Amsterdam","1269","01 -2","Embalage 0.20 x 24 {0.20 x 28}","1","1","-2","0","5","-10","","503.02","38.51","463.83","EUR","embalage_0_20_x_24_0_20_x_28","embalage_0_20_x_24_0_20_x_28"
"00000029-Factuur 87382.pdf","87382","2026-04-10","Horeca Groothandel","71286969","8586.52.158 B01","NL84INGB0007527163","CAFE UIT KIJKEN","Amsterdam","1269","03 -4","Embalage vust bier","1","1","-4","0","30","-120","","503.02","38.51","463.83","EUR","embalage_vust_bier","embalage_vust_bier"
"00000030-Factuur 87408.pdf","87408","2026-04-15","Horeca Groothandel","71286969","8586.52.158 B01","NL 84 INGB 0007527163","FOUR ZIESOUN","Amsterdam","1432","9346","PATAT LAM BWES. 9 M M (F64)","5","1","5","18","","90","9","441.43","46.33","498.56","EUR","patat_lam_bwes_9_m_m_f64","patat_lam_bwes_9_m_m_f64"
"00000030-Factuur 87408.pdf","87408","2026-04-15","Horeca Groothandel","71286969","8586.52.158 B01","NL 84 INGB 0007527163","FOUR ZIESOUN","Amsterdam","1432","B1003","BRIOCHE HAM . BR. 80 GR 30 ST","5","1","5","13.48","","67.4","9","441.43","46.33","498.56","EUR","brioche_ham_br_80_gr_30_st","brioche_ham_br_80_gr_30_st"
"00000030-Factuur 87408.pdf","87408","2026-04-15","Horeca Groothandel","71286969","8586.52.158 B01","NL 84 INGB 0007527163","FOUR ZIESOUN","Amsterdam","1432","1350","SPA BLAUW 24 X 0.50 CL","3","1","3","10","3.6","10.8","9","441.43","46.33","498.56","EUR","spa_blauw_24_x_0_50_cl","spa_blauw_24_x_0_50_cl"
"00000030-Factuur 87408.pdf","87408","2026-04-15","Horeca Groothandel","71286969","8586.52.158 B01","NL 84 INGB 0007527163","FOUR ZIESOUN","Amsterdam","1432","1010","COCA COLA 24 X 0.33 CL {D}","3","1","3","12.88","","38.64","9","441.43","46.33","498.56","EUR","coca_cola_24_x_0_33_cl_d","coca_cola_24_x_0_33_cl_d"
"00000030-Factuur 87408.pdf","87408","2026-04-15","Horeca Groothandel","71286969","8586.52.158 B01","NL 84 INGB 0007527163","FOUR ZIESOUN","Amsterdam","1432","1015","COCA COLA ZERO 24 X 0.33 CL B","3","1","3","12.88","","38.64","9","441.43","46.33","498.56","EUR","coca_cola_zero_24_x_0_33_cl_b","coca_cola_zero_24_x_0_33_cl_b"
"00000030-Factuur 87408.pdf","87408","2026-04-15","Horeca Groothandel","71286969","8586.52.158 B01","NL 84 INGB 0007527163","FOUR ZIESOUN","Amsterdam","1432","1013","FANTA ORANGE 24 X 0.33 CL {D}","1","1","1","12.88","","12.88","9","441.43","46.33","498.56","EUR","fanta_orange_24_x_0_33_cl_d","fanta_orange_24_x_0_33_cl_d"
"00000030-Factuur 87408.pdf","87408","2026-04-15","Horeca Groothandel","71286969","8586.52.158 B01","NL 84 INGB 0007527163","FOUR ZIESOUN","Amsterdam","1432","1134","LIPTON ICE TEA PEACH 24 X 0.33","1","1","1","16.5","","16.5","9","441.43","46.33","498.56","EUR","lipton_ice_tea_peach_24_x_0_33","lipton_ice_tea_peach_24_x_0_33"
"00000030-Factuur 87408.pdf","87408","2026-04-15","Horeca Groothandel","71286969","8586.52.158 B01","NL 84 INGB 0007527163","FOUR ZIESOUN","Amsterdam","1432","155197","HANDSCHOENEN { L} ZWAART","10","1","10","5.5","","55","21","441.43","46.33","498.56","EUR","handschoenen_l_zwaart","handschoenen_l_zwaart"
"00000030-Factuur 87408.pdf","87408","2026-04-15","Horeca Groothandel","71286969","8586.52.158 B01","NL 84 INGB 0007527163","FOUR ZIESOUN","Amsterdam","1432","9342+","FRISIA FRITUUROLIE 10L","2","1","2","18.7","","37.4","9","441.43","46.33","498.56","EUR","frisia_frituurolie_10l","frisia_frituurolie_10l"
"00000030-Factuur 87408.pdf","87408","2026-04-15","Horeca Groothandel","71286969","8586.52.158 B01","NL 84 INGB 0007527163","FOUR ZIESOUN","Amsterdam","1432","9723","ZAANSE M AYONNAISE 80% 10KG","1","1","1","30.78","","30.78","9","441.43","46.33","498.56","EUR","zaanse_m_ayonnaise_80_10kg","zaanse_m_ayonnaise_80_10kg"
"00000030-Factuur 87408.pdf","87408","2026-04-15","Horeca Groothandel","71286969","8586.52.158 B01","NL 84 INGB 0007527163","FOUR ZIESOUN","Amsterdam","1432","9758","LEVO TOM ATEN KETCHUP 10 KG","1","1","1","24.19","","24.19","9","441.43","46.33","498.56","EUR","levo_tom_aten_ketchup_10_kg","levo_tom_aten_ketchup_10_kg"
"00000031-Factuur 87313.pdf","87313","2026-04-03","Horeca Groothandel","71286969","8586.52.158 B01","NL84INGB0007527163","CAFE UIT KIJKEN","Amsterdam","1269","9347","PATAT LAM BW. 18 M M {F 69 }","10","1","10","19","","190","9","1302.27","155","1457.27","EUR","patat_lam_bw_18_m_m_f_69","patat_lam_bw_18_m_m_f_69"
"00000031-Factuur 87313.pdf","87313","2026-04-03","Horeca Groothandel","71286969","8586.52.158 B01","NL84INGB0007527163","CAFE UIT KIJKEN","Amsterdam","1269","17700","COCA COLA KRAT 24 X 0.20 CL","8","1","8","13.59","5","40","9","1302.27","155","1457.27","EUR","coca_cola_krat_24_x_0_20_cl","coca_cola_krat_24_x_0_20_cl"
"00000031-Factuur 87313.pdf","87313","2026-04-03","Horeca Groothandel","71286969","8586.52.158 B01","NL84INGB0007527163","CAFE UIT KIJKEN","Amsterdam","1269","17744","COCA COLA ZERO KRAT 24 X 0.20","4","1","4","13.59","5","20","9","1302.27","155","1457.27","EUR","coca_cola_zero_krat_24_x_0_20","coca_cola_zero_krat_24_x_0_20"
"00000031-Factuur 87313.pdf","87313","2026-04-03","Horeca Groothandel","71286969","8586.52.158 B01","NL84INGB0007527163","CAFE UIT KIJKEN","Amsterdam","1269","17733","FANTA ORANGE 24 X 0.20 CL","2","1","2","13.89","5","10","9","1302.27","155","1457.27","EUR","fanta_orange_24_x_0_20_cl","fanta_orange_24_x_0_20_cl"
"00000031-Factuur 87313.pdf","87313","2026-04-03","Horeca Groothandel","71286969","8586.52.158 B01","NL84INGB0007527163","CAFE UIT KIJKEN","Amsterdam","1269","17777","SPRITE 24 X 0.20 CL","1","1","1","13.59","5","5","9","1302.27","155","1457.27","EUR","sprite_24_x_0_20_cl","sprite_24_x_0_20_cl"
"00000031-Factuur 87313.pdf","87313","2026-04-03","Horeca Groothandel","71286969","8586.52.158 B01","NL84INGB0007527163","CAFE UIT KIJKEN","Amsterdam","1269","4211","CHAUDFONTIANE BLAUW 24 X","5","1","5","8.88","5","25","9","1302.27","155","1457.27","EUR","chaudfontiane_blauw_24_x","chaudfontiane_blauw_24_x"
"00000031-Factuur 87313.pdf","87313","2026-04-03","Horeca Groothandel","71286969","8586.52.158 B01","NL84INGB0007527163","CAFE UIT KIJKEN","Amsterdam","1269","4220","CHAUDFONTIANE ROOD 24 X 25","1","1","1","8.88","5","5","9","1302.27","155","1457.27","EUR","chaudfontiane_rood_24_x_25","chaudfontiane_rood_24_x_25"
"00000031-Factuur 87313.pdf","87313","2026-04-03","Horeca Groothandel","71286969","8586.52.158 B01","NL84INGB0007527163","CAFE UIT KIJKEN","Amsterdam","1269","00001","M INUTE M AID APPEL 24 X 0.33 CL","1","1","1","17.78","","17.78","9","1302.27","155","1457.27","EUR","m_inute_m_aid_appel_24_x_0_33_cl","m_inute_m_aid_appel_24_x_0_33_cl"
"00000031-Factuur 87313.pdf","87313","2026-04-03","Horeca Groothandel","71286969","8586.52.158 B01","NL84INGB0007527163","CAFE UIT KIJKEN","Amsterdam","1269","5449","M INUTE M AID ORANGE 24 X 0.20","1","1","1","17.87","5","5","9","1302.27","155","1457.27","EUR","m_inute_m_aid_orange_24_x_0_20","m_inute_m_aid_orange_24_x_0_20"
"00000031-Factuur 87313.pdf","87313","2026-04-03","Horeca Groothandel","71286969","8586.52.158 B01","NL84INGB0007527163","CAFE UIT KIJKEN","Amsterdam","1269","17702","FUZETEA GREEN 24 X 0.20 CL","1","1","1","15.86","5","5","9","1302.27","155","1457.27","EUR","fuzetea_green_24_x_0_20_cl","fuzetea_green_24_x_0_20_cl"
"00000031-Factuur 87313.pdf","87313","2026-04-03","Horeca Groothandel","71286969","8586.52.158 B01","NL84INGB0007527163","CAFE UIT KIJKEN","Amsterdam","1269","17703","FUZETEA PEACH 24 X 0.20 CL","1","1","1","15.86","5","5","9","1302.27","155","1457.27","EUR","fuzetea_peach_24_x_0_20_cl","fuzetea_peach_24_x_0_20_cl"
"00000031-Factuur 87313.pdf","87313","2026-04-03","Horeca Groothandel","71286969","8586.52.158 B01","NL84INGB0007527163","CAFE UIT KIJKEN","Amsterdam","1269","3077","BIRRA PERONI NASTRO","1","1","1","21.8","3.9","3.9","21","1302.27","155","1457.27","EUR","birra_peroni_nastro","birra_peroni_nastro"
"00000031-Factuur 87313.pdf","87313","2026-04-03","Horeca Groothandel","71286969","8586.52.158 B01","NL84INGB0007527163","CAFE UIT KIJKEN","Amsterdam","1269","9336+-","NAARM AN HOUDBAAR M ELK12","1","1","1","14.8","","14.8","9","1302.27","155","1457.27","EUR","naarm_an_houdbaar_m_elk12","naarm_an_houdbaar_m_elk12"
"00000031-Factuur 87313.pdf","87313","2026-04-03","Horeca Groothandel","71286969","8586.52.158 B01","NL84INGB0007527163","CAFE UIT KIJKEN","Amsterdam","1269","06123","SLAGROOM SPUITBUS","1","1","1","8.64","","8.64","9","1302.27","155","1457.27","EUR","slagroom_spuitbus","slagroom_spuitbus"
"00000031-Factuur 87313.pdf","87313","2026-04-03","Horeca Groothandel","71286969","8586.52.158 B01","NL84INGB0007527163","CAFE UIT KIJKEN","Amsterdam","1269","9342+","FRISIA FRITUUROLIE 10L","1","1","1","18.7","","18.7","9","1302.27","155","1457.27","EUR","frisia_frituurolie_10l","frisia_frituurolie_10l"
"00000031-Factuur 87313.pdf","87313","2026-04-03","Horeca Groothandel","71286969","8586.52.158 B01","NL84INGB0007527163","CAFE UIT KIJKEN","Amsterdam","1269","90495113","ROYAAL TONIC 24 X 0.20 CL","1","1","1","16.84","5","5","9","1302.27","155","1457.27","EUR","royaal_tonic_24_x_0_20_cl","royaal_tonic_24_x_0_20_cl"
"00000031-Factuur 87313.pdf","87313","2026-04-03","Horeca Groothandel","71286969","8586.52.158 B01","NL84INGB0007527163","CAFE UIT KIJKEN","Amsterdam","1269","9512","SERVETTEN 500 ST 33 CM","10","1","10","3","","30","21","1302.27","155","1457.27","EUR","servetten_500_st_33_cm","servetten_500_st_33_cm"
"00000031-Factuur 87313.pdf","87313","2026-04-03","Horeca Groothandel","71286969","8586.52.158 B01","NL84INGB0007527163","CAFE UIT KIJKEN","Amsterdam","1269","2060+","M ORETTI BIRRA 20 LT","2","1","2","63","30","60","21","1302.27","155","1457.27","EUR","m_oretti_birra_20_lt","m_oretti_birra_20_lt"
"00000031-Factuur 87313.pdf","87313","2026-04-03","Horeca Groothandel","71286969","8586.52.158 B01","NL84INGB0007527163","CAFE UIT KIJKEN","Amsterdam","1269","2061","HEINEKEN BIER DAVID SE. 20 LT","2","1","2","61","30","60","21","1302.27","155","1457.27","EUR","heineken_bier_david_se_20_lt","heineken_bier_david_se_20_lt"
"00000031-Factuur 87313.pdf","87313","2026-04-03","Horeca Groothandel","71286969","8586.52.158 B01","NL84INGB0007527163","CAFE UIT KIJKEN","Amsterdam","1269","03 -3","Embalage vust bier","1","-3","0","0","30","-90","","1302.27","155","1457.27","EUR","embalage_vust_bier","embalage_vust_bier"
"00000031-Factuur 87313.pdf","87313","2026-04-03","Horeca Groothandel","71286969","8586.52.158 B01","NL84INGB0007527163","CAFE UIT KIJKEN","Amsterdam","1269","02 -1","Embalage 0.30 x 24{0.50 x 18}","1","-1","0","0","3.9","-3.9","","1302.27","155","1457.27","EUR","embalage_0_30_x_24_0_50_x_18","embalage_0_30_x_24_0_50_x_18"
"00000031-Factuur 87313.pdf","87313","2026-04-03","Horeca Groothandel","71286969","8586.52.158 B01","NL84INGB0007527163","CAFE UIT KIJKEN","Amsterdam","1269","01 -5","Embalage 0.20 x 24 {0.20 x 28}","1","-5","0","0","5","-25","","1302.27","155","1457.27","EUR","embalage_0_20_x_24_0_20_x_28","embalage_0_20_x_24_0_20_x_28"
"00000031-Factuur 87313.pdf","87313","2026-04-03","Horeca Groothandel","71286969","8586.52.158 B01","NL84INGB0007527163","CAFE UIT KIJKEN","Amsterdam","1269","++","","1","1","1","0","","","9","1302.27","155","1457.27","EUR","unknown_product","unknown_product"
"00000031-Factuur 87313.pdf","87313","2026-04-03","Horeca Groothandel","71286969","8586.52.158 B01","NL84INGB0007527163","CAFE UIT KIJKEN","Amsterdam","1269","++","","1","1","1","0","","","9","1302.27","155","1457.27","EUR","unknown_product","unknown_product"
"00000031-Factuur 87313.pdf","87313","2026-04-03","Horeca Groothandel","71286969","8586.52.158 B01","NL84INGB0007527163","CAFE UIT KIJKEN","Amsterdam","1269","5-4-2026","","1","1","1","0","","","9","1302.27","155","1457.27","EUR","unknown_product","unknown_product"
"00000031-Factuur 87313.pdf","87313","2026-04-03","Horeca Groothandel","71286969","8586.52.158 B01","NL84INGB0007527163","CAFE UIT KIJKEN","Amsterdam","1269","9727","TRUFFEL M AYO 2.50 KG","2","1","2","16.6","","33.2","9","1302.27","155","1457.27","EUR","truffel_m_ayo_2_50_kg","truffel_m_ayo_2_50_kg"
"00000031-Factuur 87313.pdf","87313","2026-04-03","Horeca Groothandel","71286969","8586.52.158 B01","NL84INGB0007527163","CAFE UIT KIJKEN","Amsterdam","1269","9347","PATAT LAM BW. 18 M M {F 69 }","1","1","1","19","","19","9","1302.27","155","1457.27","EUR","patat_lam_bw_18_m_m_f_69","patat_lam_bw_18_m_m_f_69"
"00000031-Factuur 87313.pdf","87313","2026-04-03","Horeca Groothandel","71286969","8586.52.158 B01","NL84INGB0007527163","CAFE UIT KIJKEN","Amsterdam","1269","9347","PATAT LAM BW. 18 M M {F 69 }","10","1","10","19","","190","9","1302.27","155","1457.27","EUR","patat_lam_bw_18_m_m_f_69","patat_lam_bw_18_m_m_f_69"
"00000031-Factuur 87313.pdf","87313","2026-04-03","Horeca Groothandel","71286969","8586.52.158 B01","NL84INGB0007527163","CAFE UIT KIJKEN","Amsterdam","1269","B1003","BRIOCHE HAM . BR. 80 GR 30 ST","8","1","8","13.48","","107.84","9","1302.27","155","1457.27","EUR","brioche_ham_br_80_gr_30_st","brioche_ham_br_80_gr_30_st"
"00000031-Factuur 87313.pdf","87313","2026-04-03","Horeca Groothandel","71286969","8586.52.158 B01","NL84INGB0007527163","CAFE UIT KIJKEN","Amsterdam","1269","220069","DRINKRIETJE PAPIER 100 st. 6mm/","25","1","25","1.69","","42.25","21","1302.27","155","1457.27","EUR","drinkrietje_papier_100_st_6mm","drinkrietje_papier_100_st_6mm"
"00000031-Factuur 87313.pdf","87313","2026-04-03","Horeca Groothandel","71286969","8586.52.158 B01","NL84INGB0007527163","CAFE UIT KIJKEN","Amsterdam","1269","03 -2","Embalage vust bier","1","-2","0","0","30","-60","","1302.27","155","1457.27","EUR","embalage_vust_bier","embalage_vust_bier"
"00000031-Factuur 87313.pdf","87313","2026-04-03","Horeca Groothandel","71286969","8586.52.158 B01","NL84INGB0007527163","CAFE UIT KIJKEN","Amsterdam","1269","01 -6","Embalage 0.20 x 24 {0.20 x 28}","1","-6","0","0","5","-30","","1302.27","155","1457.27","EUR","embalage_0_20_x_24_0_20_x_28","embalage_0_20_x_24_0_20_x_28"
"00000031-Factuur 87313.pdf","87313","2026-04-03","Horeca Groothandel","71286969","8586.52.158 B01","NL84INGB0007527163","CAFE UIT KIJKEN","Amsterdam","1269","02 -1","Embalage 0.30 x 24{0.50 x 18}","1","-1","0","0","3.9","-3.9","","1302.27","155","1457.27","EUR","embalage_0_30_x_24_0_50_x_18","embalage_0_30_x_24_0_50_x_18"
"00000032-Factuur 87349.pdf","87349","2026-04-07","Horeca Groothandel","71286969","8586.52.158 B01","NL84INGB0007527163","CAFE UIT KIJKEN","Amsterdam","1269","9346","PATAT LAM BWES. 9 M M (F64)","9","1","9","18","","162","9","406.32","36.57","432.89","EUR","patat_lam_bwes_9_m_m_f64","patat_lam_bwes_9_m_m_f64"
"00000032-Factuur 87349.pdf","87349","2026-04-07","Horeca Groothandel","71286969","8586.52.158 B01","NL84INGB0007527163","CAFE UIT KIJKEN","Amsterdam","1269","B1003","BRIOCHE HAM . BR. 80 GR 30 ST","10","1","10","13.48","","134.8","9","406.32","36.57","432.89","EUR","brioche_ham_br_80_gr_30_st","brioche_ham_br_80_gr_30_st"
"00000032-Factuur 87349.pdf","87349","2026-04-07","Horeca Groothandel","71286969","8586.52.158 B01","NL84INGB0007527163","CAFE UIT KIJKEN","Amsterdam","1269","9342+","FRISIA FRITUUROLIE 10L","2","1","2","18.7","","37.4","9","406.32","36.57","432.89","EUR","frisia_frituurolie_10l","frisia_frituurolie_10l"
"00000032-Factuur 87349.pdf","87349","2026-04-07","Horeca Groothandel","71286969","8586.52.158 B01","NL84INGB0007527163","CAFE UIT KIJKEN","Amsterdam","1269","4211","CHAUDFONTIANE BLAUW 24 X","2","1","2","8.88","5","10","9","406.32","36.57","432.89","EUR","chaudfontiane_blauw_24_x","chaudfontiane_blauw_24_x"
"00000032-Factuur 87349.pdf","87349","2026-04-07","Horeca Groothandel","71286969","8586.52.158 B01","NL84INGB0007527163","CAFE UIT KIJKEN","Amsterdam","1269","17700","COCA COLA KRAT 24 X 0.20 CL","2","1","2","13.59","5","10","9","406.32","36.57","432.89","EUR","coca_cola_krat_24_x_0_20_cl","coca_cola_krat_24_x_0_20_cl"
"00000032-Factuur 87349.pdf","87349","2026-04-07","Horeca Groothandel","71286969","8586.52.158 B01","NL84INGB0007527163","CAFE UIT KIJKEN","Amsterdam","1269","17744","COCA COLA ZERO KRAT 24 X 0.20","2","1","2","13.59","5","10","9","406.32","36.57","432.89","EUR","coca_cola_zero_krat_24_x_0_20","coca_cola_zero_krat_24_x_0_20"
"00000032-Factuur 87349.pdf","87349","2026-04-07","Horeca Groothandel","71286969","8586.52.158 B01","NL84INGB0007527163","CAFE UIT KIJKEN","Amsterdam","1269","01 -8","Embalage 0.20 x 24 {0.20 x 28}","1","-8","-8","0","5","-40","9","406.32","36.57","432.89","EUR","embalage_0_20_x_24_0_20_x_28","embalage_0_20_x_24_0_20_x_28"
"00000033-Factuur 87382.pdf","87382","2026-04-10","Horeca Groothandel","71286969","8586.52.158 B01","NL 84 INGB 0007527163","CAFE UIT KIJKEN","Amsterdam","1269","9346","PATAT LAM BWES. 9 M M (F64)","10","1","10","18","","180","9","503.02","38.51","463.83","EUR","patat_lam_bwes_9_m_m_f64","patat_lam_bwes_9_m_m_f64"
"00000033-Factuur 87382.pdf","87382","2026-04-10","Horeca Groothandel","71286969","8586.52.158 B01","NL 84 INGB 0007527163","CAFE UIT KIJKEN","Amsterdam","1269","B1003","BRIOCHE HAM . BR. 80 GR 30 ST","10","1","10","13.48","","134.8","9","503.02","38.51","463.83","EUR","brioche_ham_br_80_gr_30_st","brioche_ham_br_80_gr_30_st"
"00000033-Factuur 87382.pdf","87382","2026-04-10","Horeca Groothandel","71286969","8586.52.158 B01","NL 84 INGB 0007527163","CAFE UIT KIJKEN","Amsterdam","1269","17700","COCA COLA KRAT 24 X 0.20 CL","5","1","5","13.59","5","25","9","503.02","38.51","463.83","EUR","coca_cola_krat_24_x_0_20_cl","coca_cola_krat_24_x_0_20_cl"
"00000033-Factuur 87382.pdf","87382","2026-04-10","Horeca Groothandel","71286969","8586.52.158 B01","NL 84 INGB 0007527163","CAFE UIT KIJKEN","Amsterdam","1269","17744","COCA COLA ZERO KRAT 24 X 0.20","5","1","5","13.59","5","25","9","503.02","38.51","463.83","EUR","coca_cola_zero_krat_24_x_0_20","coca_cola_zero_krat_24_x_0_20"
"00000033-Factuur 87382.pdf","87382","2026-04-10","Horeca Groothandel","71286969","8586.52.158 B01","NL 84 INGB 0007527163","CAFE UIT KIJKEN","Amsterdam","1269","2058","APPLE BANDIT KRAT 24 X 30 CL","2","1","2","23.4","3.9","7.8","21","503.02","38.51","463.83","EUR","apple_bandit_krat_24_x_30_cl","apple_bandit_krat_24_x_30_cl"
"00000033-Factuur 87382.pdf","87382","2026-04-10","Horeca Groothandel","71286969","8586.52.158 B01","NL 84 INGB 0007527163","CAFE UIT KIJKEN","Amsterdam","1269","3077","BIRRA PERONI NASTRO","2","1","2","21.8","3.9","7.8","21","503.02","38.51","463.83","EUR","birra_peroni_nastro","birra_peroni_nastro"
"00000033-Factuur 87382.pdf","87382","2026-04-10","Horeca Groothandel","71286969","8586.52.158 B01","NL 84 INGB 0007527163","CAFE UIT KIJKEN","Amsterdam","1269","3030","AM STEL BIER 24 X 0.30 FL.","1","1","1","17.4","3.9","3.9","21","503.02","38.51","463.83","EUR","am_stel_bier_24_x_0_30_fl","am_stel_bier_24_x_0_30_fl"
"00000033-Factuur 87382.pdf","87382","2026-04-10","Horeca Groothandel","71286969","8586.52.158 B01","NL 84 INGB 0007527163","CAFE UIT KIJKEN","Amsterdam","1269","4211","CHAUDFONTIANE BLAUW 24 X","2","1","2","8.88","5","10","9","503.02","38.51","463.83","EUR","chaudfontiane_blauw_24_x","chaudfontiane_blauw_24_x"
"00000033-Factuur 87382.pdf","87382","2026-04-10","Horeca Groothandel","71286969","8586.52.158 B01","NL 84 INGB 0007527163","CAFE UIT KIJKEN","Amsterdam","1269","17703","FUZETEA PEACH 24 X 0.20 CL","1","1","1","15.86","5","5","9","503.02","38.51","463.83","EUR","fuzetea_peach_24_x_0_20_cl","fuzetea_peach_24_x_0_20_cl"
"00000033-Factuur 87382.pdf","87382","2026-04-10","Horeca Groothandel","71286969","8586.52.158 B01","NL 84 INGB 0007527163","CAFE UIT KIJKEN","Amsterdam","1269","9342+4","FRISIA FRITUUROLIE 10L","1","1","1","18.7","","18.7","9","503.02","38.51","463.83","EUR","frisia_frituurolie_10l","frisia_frituurolie_10l"
"00000033-Factuur 87382.pdf","87382","2026-04-10","Horeca Groothandel","71286969","8586.52.158 B01","NL 84 INGB 0007527163","CAFE UIT KIJKEN","Amsterdam","1269","9500+ -10","TORK ROL 6 ST HOOG WIT","1","1","-10","14","","-140","21","503.02","38.51","463.83","EUR","tork_rol_6_st_hoog_wit","tork_rol_6_st_hoog_wit"
"00000033-Factuur 87382.pdf","87382","2026-04-10","Horeca Groothandel","71286969","8586.52.158 B01","NL 84 INGB 0007527163","CAFE UIT KIJKEN","Amsterdam","1269","01","Embalage 0.20 x 24 {0.20 x 28}","-2","1","-2","0","5","-10","","503.02","38.51","463.83","EUR","embalage_0_20_x_24_0_20_x_28","embalage_0_20_x_24_0_20_x_28"
"00000033-Factuur 87382.pdf","87382","2026-04-10","Horeca Groothandel","71286969","8586.52.158 B01","NL 84 INGB 0007527163","CAFE UIT KIJKEN","Amsterdam","1269","03","Embalage vust bier","-4","1","-4","0","30","-120","","503.02","38.51","463.83","EUR","embalage_vust_bier","embalage_vust_bier"
"00000034-Factuur 87314.pdf","87314","2026-04-03","Horeca Groothandel","71286969","8586.52.158 B01","NL 84 INGB 0007527163","FOUR ZIESOUN","Amsterdam","1432","9347","PATAT LAM BW. 18 M M {F 69 }","12","1","12","19","","228","9","592.9","55.14","667.29","EUR","patat_lam_bw_18_m_m_f_69","patat_lam_bw_18_m_m_f_69"
"00000034-Factuur 87314.pdf","87314","2026-04-03","Horeca Groothandel","71286969","8586.52.158 B01","NL 84 INGB 0007527163","FOUR ZIESOUN","Amsterdam","1432","B1003","BRIOCHE HAM . BR. 80 GR 30 ST","10","1","10","13.48","","134.8","9","592.9","55.14","667.29","EUR","brioche_ham_br_80_gr_30_st","brioche_ham_br_80_gr_30_st"
"00000034-Factuur 87314.pdf","87314","2026-04-03","Horeca Groothandel","71286969","8586.52.158 B01","NL 84 INGB 0007527163","FOUR ZIESOUN","Amsterdam","1432","9723","ZAANSE M AYONNAISE 80% 10KG","2","1","2","30.78","","61.56","9","592.9","55.14","667.29","EUR","zaanse_m_ayonnaise_80_10kg","zaanse_m_ayonnaise_80_10kg"
"00000034-Factuur 87314.pdf","87314","2026-04-03","Horeca Groothandel","71286969","8586.52.158 B01","NL 84 INGB 0007527163","FOUR ZIESOUN","Amsterdam","1432","9758","LEVO TOM ATEN KETCHUP 10 KG","2","1","2","24.19","","48.38","9","592.9","55.14","667.29","EUR","levo_tom_aten_ketchup_10_kg","levo_tom_aten_ketchup_10_kg"
"00000034-Factuur 87314.pdf","87314","2026-04-03","Horeca Groothandel","71286969","8586.52.158 B01","NL 84 INGB 0007527163","FOUR ZIESOUN","Amsterdam","1432","1350","SPA BLAUW 24 X 0.50 CL","3","1","3","10","3.6","10.8","9","592.9","55.14","667.29","EUR","spa_blauw_24_x_0_50_cl","spa_blauw_24_x_0_50_cl"
"00000034-Factuur 87314.pdf","87314","2026-04-03","Horeca Groothandel","71286969","8586.52.158 B01","NL 84 INGB 0007527163","FOUR ZIESOUN","Amsterdam","1432","1010","COCA COLA 24 X 0.33 CL {D}","3","1","3","12.88","","38.64","9","592.9","55.14","667.29","EUR","coca_cola_24_x_0_33_cl_d","coca_cola_24_x_0_33_cl_d"
"00000034-Factuur 87314.pdf","87314","2026-04-03","Horeca Groothandel","71286969","8586.52.158 B01","NL 84 INGB 0007527163","FOUR ZIESOUN","Amsterdam","1432","1015","COCA COLA ZERO 24 X 0.33 CL B","2","1","2","12.88","","25.76","9","592.9","55.14","667.29","EUR","coca_cola_zero_24_x_0_33_cl_b","coca_cola_zero_24_x_0_33_cl_b"
"00000034-Factuur 87314.pdf","87314","2026-04-03","Horeca Groothandel","71286969","8586.52.158 B01","NL 84 INGB 0007527163","FOUR ZIESOUN","Amsterdam","1432","1013","FANTA ORANGE 24 X 0.33 CL {D}","2","1","2","12.88","","25.76","9","592.9","55.14","667.29","EUR","fanta_orange_24_x_0_33_cl_d","fanta_orange_24_x_0_33_cl_d"
"00000034-Factuur 87314.pdf","87314","2026-04-03","Horeca Groothandel","71286969","8586.52.158 B01","NL 84 INGB 0007527163","FOUR ZIESOUN","Amsterdam","1432","220069","DRINKRIETJE PAPIER 100 st. 6mm/","5","1","5","1.69","","8.45","21","592.9","55.14","667.29","EUR","drinkrietje_papier_100_st_6mm","drinkrietje_papier_100_st_6mm"
"00000035-Factuur 87347.pdf","87347","2026-04-07","Horeca Groothandel","71286969","8586.52.158 B01","NL84INGB0007527163","FOUR ZIESOUN","Amsterdam","1432","9346","PATAT LAM BWES. 9 M M (F64)","12","1","12","18","","216","9","605.8","54.52","667.52","EUR","patat_lam_bwes_9_m_m_f64","patat_lam_bwes_9_m_m_f64"
"00000035-Factuur 87347.pdf","87347","2026-04-07","Horeca Groothandel","71286969","8586.52.158 B01","NL84INGB0007527163","FOUR ZIESOUN","Amsterdam","1432","B1003","BRIOCHE HAM . BR. 80 GR 30 ST","10","1","10","13.48","","134.8","9","605.8","54.52","667.52","EUR","brioche_ham_br_80_gr_30_st","brioche_ham_br_80_gr_30_st"
"00000035-Factuur 87347.pdf","87347","2026-04-07","Horeca Groothandel","71286969","8586.52.158 B01","NL84INGB0007527163","FOUR ZIESOUN","Amsterdam","1432","1010","COCA COLA 24 X 0.33 CL {D}","2","1","2","12.88","","25.76","9","605.8","54.52","667.52","EUR","coca_cola_24_x_0_33_cl_d","coca_cola_24_x_0_33_cl_d"
"00000035-Factuur 87347.pdf","87347","2026-04-07","Horeca Groothandel","71286969","8586.52.158 B01","NL84INGB0007527163","FOUR ZIESOUN","Amsterdam","1432","1015","COCA COLA ZERO 24 X 0.33 CL B","2","1","2","12.88","","25.76","9","605.8","54.52","667.52","EUR","coca_cola_zero_24_x_0_33_cl_b","coca_cola_zero_24_x_0_33_cl_b"
"00000035-Factuur 87347.pdf","87347","2026-04-07","Horeca Groothandel","71286969","8586.52.158 B01","NL84INGB0007527163","FOUR ZIESOUN","Amsterdam","1432","1350","SPA BLAUW 24 X 0.50 CL","2","1","2","10","3.6","20","9","605.8","54.52","667.52","EUR","spa_blauw_24_x_0_50_cl","spa_blauw_24_x_0_50_cl"
"00000035-Factuur 87347.pdf","87347","2026-04-07","Horeca Groothandel","71286969","8586.52.158 B01","NL84INGB0007527163","FOUR ZIESOUN","Amsterdam","1432","1134","LIPTON ICE TEA PEACH 24 X 0.33","2","1","2","16.5","","33","9","605.8","54.52","667.52","EUR","lipton_ice_tea_peach_24_x_0_33","lipton_ice_tea_peach_24_x_0_33"
"00000035-Factuur 87347.pdf","87347","2026-04-07","Horeca Groothandel","71286969","8586.52.158 B01","NL84INGB0007527163","FOUR ZIESOUN","Amsterdam","1432","1013","FANTA ORANGE 24 X 0.33 CL {D}","4","1","4","12.88","","51.52","9","605.8","54.52","667.52","EUR","fanta_orange_24_x_0_33_cl_d","fanta_orange_24_x_0_33_cl_d"
"00000035-Factuur 87347.pdf","87347","2026-04-07","Horeca Groothandel","71286969","8586.52.158 B01","NL84INGB0007527163","FOUR ZIESOUN","Amsterdam","1432","9723","ZAANSE M AYONNAISE 80% 10KG","2","1","2","30.78","","61.56","9","605.8","54.52","667.52","EUR","zaanse_m_ayonnaise_80_10kg","zaanse_m_ayonnaise_80_10kg"
"00000035-Factuur 87347.pdf","87347","2026-04-07","Horeca Groothandel","71286969","8586.52.158 B01","NL84INGB0007527163","FOUR ZIESOUN","Amsterdam","1432","9342+","FRISIA FRITUUROLIE 10L","2","1","2","18.7","","37.4","9","605.8","54.52","667.52","EUR","frisia_frituurolie_10l","frisia_frituurolie_10l"
"00000036-Factuur 87383.pdf","87383","2026-04-10","Horeca Groothandel","71286969","8586.52.158 B01","NL 84 INGB 0007527163","FOUR ZIESOUN","Amsterdam","1432","9346","PATAT LAM BWES. 9 M M (F64)","12","1","12","18","","216","9","527.18","52.94","580.12","EUR","patat_lam_bwes_9_m_m_f64","patat_lam_bwes_9_m_m_f64"
"00000036-Factuur 87383.pdf","87383","2026-04-10","Horeca Groothandel","71286969","8586.52.158 B01","NL 84 INGB 0007527163","FOUR ZIESOUN","Amsterdam","1432","B1003","BRIOCHE HAM . BR. 80 GR 30 ST","9","1","9","13.48","","121.32","9","527.18","52.94","580.12","EUR","brioche_ham_br_80_gr_30_st","brioche_ham_br_80_gr_30_st"
"00000036-Factuur 87383.pdf","87383","2026-04-10","Horeca Groothandel","71286969","8586.52.158 B01","NL 84 INGB 0007527163","FOUR ZIESOUN","Amsterdam","1432","1010","COCA COLA 24 X 0.33 CL {D}","3","1","3","12.88","","38.64","9","527.18","52.94","580.12","EUR","coca_cola_24_x_0_33_cl_d","coca_cola_24_x_0_33_cl_d"
"00000036-Factuur 87383.pdf","87383","2026-04-10","Horeca Groothandel","71286969","8586.52.158 B01","NL 84 INGB 0007527163","FOUR ZIESOUN","Amsterdam","1432","1015","COCA COLA ZERO 24 X 0.33 CL B","3","1","3","12.88","","38.64","9","527.18","52.94","580.12","EUR","coca_cola_zero_24_x_0_33_cl_b","coca_cola_zero_24_x_0_33_cl_b"
"00000036-Factuur 87383.pdf","87383","2026-04-10","Horeca Groothandel","71286969","8586.52.158 B01","NL 84 INGB 0007527163","FOUR ZIESOUN","Amsterdam","1432","1134","LIPTON ICE TEA PEACH 24 X 0.33","1","1","1","16.5","","16.5","9","527.18","52.94","580.12","EUR","lipton_ice_tea_peach_24_x_0_33","lipton_ice_tea_peach_24_x_0_33"
"00000036-Factuur 87383.pdf","87383","2026-04-10","Horeca Groothandel","71286969","8586.52.158 B01","NL 84 INGB 0007527163","FOUR ZIESOUN","Amsterdam","1432","1013","FANTA ORANGE 24 X 0.33 CL {D}","1","1","1","12.88","","12.88","9","527.18","52.94","580.12","EUR","fanta_orange_24_x_0_33_cl_d","fanta_orange_24_x_0_33_cl_d"
"00000036-Factuur 87383.pdf","87383","2026-04-10","Horeca Groothandel","71286969","8586.52.158 B01","NL 84 INGB 0007527163","FOUR ZIESOUN","Amsterdam","1432","9500+","TORK ROL 6 ST HOOG WIT","2","1","2","14","","28","21","527.18","52.94","580.12","EUR","tork_rol_6_st_hoog_wit","tork_rol_6_st_hoog_wit"
"00000036-Factuur 87383.pdf","87383","2026-04-10","Horeca Groothandel","71286969","8586.52.158 B01","NL 84 INGB 0007527163","FOUR ZIESOUN","Amsterdam","1432","220069","DRINKRIETJE PAPIER 100 st. 6mm/","5","1","5","1.69","","8.45","21","527.18","52.94","580.12","EUR","drinkrietje_papier_100_st_6mm","drinkrietje_papier_100_st_6mm"
"00000036-Factuur 87383.pdf","87383","2026-04-10","Horeca Groothandel","71286969","8586.52.158 B01","NL 84 INGB 0007527163","FOUR ZIESOUN","Amsterdam","1432","9841","SCHUURSPONS GROOT 10 ST","1","1","1","5.6","","5.6","21","527.18","52.94","580.12","EUR","schuurspons_groot_10_st","schuurspons_groot_10_st"
"00000036-Factuur 87383.pdf","87383","2026-04-10","Horeca Groothandel","71286969","8586.52.158 B01","NL 84 INGB 0007527163","FOUR ZIESOUN","Amsterdam","1432","9542","GEEL DOEK 10 st","1","1","1","3.75","","3.75","21","527.18","52.94","580.12","EUR","geel_doek_10_st","geel_doek_10_st"
"00000036-Factuur 87383.pdf","87383","2026-04-10","Horeca Groothandel","71286969","8586.52.158 B01","NL 84 INGB 0007527163","FOUR ZIESOUN","Amsterdam","1432","9342+","FRISIA FRITUUROLIE 10L","2","1","2","18.7","","37.4","9","527.18","52.94","580.12","EUR","frisia_frituurolie_10l","frisia_frituurolie_10l"
"00000037-Factuur 87216.pdf","87216","2026-03-23","Horeca Groothandel","71286969","8586.52.158 B01","NL84INGB0007527163","CAFE UIT KIJKEN","Amsterdam","1269","9512","SERVETTEN 500 ST 33 CM","10","1","10","0","","0","21","316.02","30.12","346.14","EUR","servetten_500_st_33_cm","servetten_500_st_33_cm"
"00000037-Factuur 87216.pdf","87216","2026-03-23","Horeca Groothandel","71286969","8586.52.158 B01","NL84INGB0007527163","CAFE UIT KIJKEN","Amsterdam","1269","++","","1","1","1","0","","0","9","316.02","30.12","346.14","EUR","unknown_product","unknown_product"
"00000037-Factuur 87216.pdf","87216","2026-03-23","Horeca Groothandel","71286969","8586.52.158 B01","NL84INGB0007527163","CAFE UIT KIJKEN","Amsterdam","1269","23-3-2026","","1","1","1","0","","0","9","316.02","30.12","346.14","EUR","unknown_product","unknown_product"
"00000037-Factuur 87216.pdf","87216","2026-03-23","Horeca Groothandel","71286969","8586.52.158 B01","NL84INGB0007527163","CAFE UIT KIJKEN","Amsterdam","1269","9347","PATAT LAM BW. 18 M M {F 69 }","9","1","9","18.58","","167.22","9","316.02","30.12","346.14","EUR","patat_lam_bw_18_m_m_f_69","patat_lam_bw_18_m_m_f_69"
"00000037-Factuur 87216.pdf","87216","2026-03-23","Horeca Groothandel","71286969","8586.52.158 B01","NL84INGB0007527163","CAFE UIT KIJKEN","Amsterdam","1269","B1003","BRIOCHE HAM . BR. 80 GR 30 ST","10","1","10","13.48","","134.8","9","316.02","30.12","346.14","EUR","brioche_ham_br_80_gr_30_st","brioche_ham_br_80_gr_30_st"
"00000037-Factuur 87216.pdf","87216","2026-03-23","Horeca Groothandel","71286969","8586.52.158 B01","NL84INGB0007527163","CAFE UIT KIJKEN","Amsterdam","1269","9500+","TORK ROL 6 ST HOOG WIT","1","1","1","14","","14","21","316.02","30.12","346.14","EUR","tork_rol_6_st_hoog_wit","tork_rol_6_st_hoog_wit"
"00000038-Factuur 87278.pdf","87278","2026-03-30","Horeca Groothandel","71286969","8586.52.158 B01","NL84INGB0007527163","FOUR ZIESOUN","Amsterdam","1432","9346","PATAT LAM BWES. 9 M M (F64)","10","1","10","18.56","","185.6","9","431.48","38.83","477.51","EUR","patat_lam_bwes_9_m_m_f64","patat_lam_bwes_9_m_m_f64"
"00000038-Factuur 87278.pdf","87278","2026-03-30","Horeca Groothandel","71286969","8586.52.158 B01","NL84INGB0007527163","FOUR ZIESOUN","Amsterdam","1432","B1003","BRIOCHE HAM . BR. 80 GR 30 ST","10","1","10","13.48","","134.8","9","431.48","38.83","477.51","EUR","brioche_ham_br_80_gr_30_st","brioche_ham_br_80_gr_30_st"
"00000038-Factuur 87278.pdf","87278","2026-03-30","Horeca Groothandel","71286969","8586.52.158 B01","NL84INGB0007527163","FOUR ZIESOUN","Amsterdam","1432","1010","COCA COLA 24 X 0.33 CL {D}","2","1","2","11.5","","23","9","431.48","38.83","477.51","EUR","coca_cola_24_x_0_33_cl_d","coca_cola_24_x_0_33_cl_d"
"00000038-Factuur 87278.pdf","87278","2026-03-30","Horeca Groothandel","71286969","8586.52.158 B01","NL84INGB0007527163","FOUR ZIESOUN","Amsterdam","1432","1015","COCA COLA ZERO 24 X 0.33 CL B","2","1","2","11.5","","23","9","431.48","38.83","477.51","EUR","coca_cola_zero_24_x_0_33_cl_b","coca_cola_zero_24_x_0_33_cl_b"
"00000038-Factuur 87278.pdf","87278","2026-03-30","Horeca Groothandel","71286969","8586.52.158 B01","NL84INGB0007527163","FOUR ZIESOUN","Amsterdam","1432","1350","SPA BLAUW 24 X 0.50 CL","2","1","2","10.5","3.6","21","9","431.48","38.83","477.51","EUR","spa_blauw_24_x_0_50_cl","spa_blauw_24_x_0_50_cl"
"00000038-Factuur 87278.pdf","87278","2026-03-30","Horeca Groothandel","71286969","8586.52.158 B01","NL84INGB0007527163","FOUR ZIESOUN","Amsterdam","1432","9341","GRENADA GOLD FRITUUROLIE 2","2","1","2","22.04","","44.08","9","431.48","38.83","477.51","EUR","grenada_gold_frituurolie_2","grenada_gold_frituurolie_2"
"00000039-Factuur 87277.pdf","87277","2026-03-30","Horeca Groothandel","71286969","8586.52.158 B01","NL84INGB0007527163","CAFE UIT KIJKEN","Amsterdam","1269","9347","PATAT LAM BW. 18 M M {F 69 }","5","1","5","18.58","","92.9","9","523.33","48.87","572.2","EUR","patat_lam_bw_18_m_m_f_69","patat_lam_bw_18_m_m_f_69"
"00000039-Factuur 87277.pdf","87277","2026-03-30","Horeca Groothandel","71286969","8586.52.158 B01","NL84INGB0007527163","CAFE UIT KIJKEN","Amsterdam","1269","B1003","BRIOCHE HAM . BR. 80 GR 30 ST","10","1","10","13.48","","134.8","9","523.33","48.87","572.2","EUR","brioche_ham_br_80_gr_30_st","brioche_ham_br_80_gr_30_st"
"00000039-Factuur 87277.pdf","87277","2026-03-30","Horeca Groothandel","71286969","8586.52.158 B01","NL84INGB0007527163","CAFE UIT KIJKEN","Amsterdam","1269","9727","TRUFFEL M AYO 2.50 KG","1","1","1","16.6","","16.6","9","523.33","48.87","572.2","EUR","truffel_m_ayo_2_50_kg","truffel_m_ayo_2_50_kg"
"00000039-Factuur 87277.pdf","87277","2026-03-30","Horeca Groothandel","71286969","8586.52.158 B01","NL84INGB0007527163","CAFE UIT KIJKEN","Amsterdam","1269","220069","DRINKRIETJE PAPIER 100 st. 6mm/","5","1","5","1.69","","8.45","21","523.33","48.87","572.2","EUR","drinkrietje_papier_100_st_6mm","drinkrietje_papier_100_st_6mm"
"00000039-Factuur 87277.pdf","87277","2026-03-30","Horeca Groothandel","71286969","8586.52.158 B01","NL84INGB0007527163","CAFE UIT KIJKEN","Amsterdam","1269","00002","M INUTE M AID APPEL 24 X 0.20 CL","1","1","1","17.23","5","5","9","523.33","48.87","572.2","EUR","m_inute_m_aid_appel_24_x_0_20_cl","m_inute_m_aid_appel_24_x_0_20_cl"
"00000039-Factuur 87277.pdf","87277","2026-03-30","Horeca Groothandel","71286969","8586.52.158 B01","NL84INGB0007527163","CAFE UIT KIJKEN","Amsterdam","1269","17777","SPRITE 24 X 0.20 CL","1","1","1","13.59","5","5","9","523.33","48.87","572.2","EUR","sprite_24_x_0_20_cl","sprite_24_x_0_20_cl"
"00000039-Factuur 87277.pdf","87277","2026-03-30","Horeca Groothandel","71286969","8586.52.158 B01","NL84INGB0007527163","CAFE UIT KIJKEN","Amsterdam","1269","17700","COCA COLA KRAT 24 X 0.20 CL","5","1","5","13.59","5","25","9","523.33","48.87","572.2","EUR","coca_cola_krat_24_x_0_20_cl","coca_cola_krat_24_x_0_20_cl"
"00000039-Factuur 87277.pdf","87277","2026-03-30","Horeca Groothandel","71286969","8586.52.158 B01","NL84INGB0007527163","CAFE UIT KIJKEN","Amsterdam","1269","17744","COCA COLA ZERO KRAT 24 X 0.20","3","1","3","13.59","5","15","9","523.33","48.87","572.2","EUR","coca_cola_zero_krat_24_x_0_20","coca_cola_zero_krat_24_x_0_20"
"00000039-Factuur 87277.pdf","87277","2026-03-30","Horeca Groothandel","71286969","8586.52.158 B01","NL84INGB0007527163","CAFE UIT KIJKEN","Amsterdam","1269","4220","CHAUDFONTIANE ROOD 24 X 25","2","1","2","8.88","5","10","9","523.33","48.87","572.2","EUR","chaudfontiane_rood_24_x_25","chaudfontiane_rood_24_x_25"
"00000039-Factuur 87277.pdf","87277","2026-03-30","Horeca Groothandel","71286969","8586.52.158 B01","NL84INGB0007527163","CAFE UIT KIJKEN","Amsterdam","1269","4211","CHAUDFONTIANE BLAUW 24 X","5","1","5","8.88","5","25","9","523.33","48.87","572.2","EUR","chaudfontiane_blauw_24_x","chaudfontiane_blauw_24_x"
"00000039-Factuur 87277.pdf","87277","2026-03-30","Horeca Groothandel","71286969","8586.52.158 B01","NL84INGB0007527163","CAFE UIT KIJKEN","Amsterdam","1269","17733","FANTA ORANGE 24 X 0.20 CL","1","1","1","13.89","5","5","9","523.33","48.87","572.2","EUR","fanta_orange_24_x_0_20_cl","fanta_orange_24_x_0_20_cl"
"00000039-Factuur 87277.pdf","87277","2026-03-30","Horeca Groothandel","71286969","8586.52.158 B01","NL84INGB0007527163","CAFE UIT KIJKEN","Amsterdam","1269","17703","FUZETEA PEACH 24 X 0.20 CL","2","1","2","15.86","5","10","9","523.33","48.87","572.2","EUR","fuzetea_peach_24_x_0_20_cl","fuzetea_peach_24_x_0_20_cl"
"00000039-Factuur 87277.pdf","87277","2026-03-30","Horeca Groothandel","71286969","8586.52.158 B01","NL84INGB0007527163","CAFE UIT KIJKEN","Amsterdam","1269","17702","FUZETEA GREEN 24 X 0.20 CL","2","1","2","15.86","5","10","9","523.33","48.87","572.2","EUR","fuzetea_green_24_x_0_20_cl","fuzetea_green_24_x_0_20_cl"
"00000039-Factuur 87277.pdf","87277","2026-03-30","Horeca Groothandel","71286969","8586.52.158 B01","NL84INGB0007527163","CAFE UIT KIJKEN","Amsterdam","1269","03 -4","Embalage vust bier","1","-4","","0","30","-120","","523.33","48.87","572.2","EUR","embalage_vust_bier","embalage_vust_bier"
"00000039-Factuur 87277.pdf","87277","2026-03-30","Horeca Groothandel","71286969","8586.52.158 B01","NL84INGB0007527163","CAFE UIT KIJKEN","Amsterdam","1269","01 -16","Embalage 0.20 x 24 {0.20 x 28}","1","-16","","0","5","-80","","523.33","48.87","572.2","EUR","embalage_0_20_x_24_0_20_x_28","embalage_0_20_x_24_0_20_x_28"
"00000040-Factuur 87237.pdf","87237","2026-03-26","Horeca Groothandel","71286969","8586.52.158 B01","NL84INGB0007527163","FOUR ZIESOUN","Amsterdam","1432","1350","SPA BLAUW 24 X 0.50 CL","2","1","2","11","","22","9","140.92","15.62","177.74","EUR","spa_blauw_24_x_0_50_cl","spa_blauw_24_x_0_50_cl"
"00000040-Factuur 87237.pdf","87237","2026-03-26","Horeca Groothandel","71286969","8586.52.158 B01","NL84INGB0007527163","FOUR ZIESOUN","Amsterdam","1432","1015","COCA COLA ZERO 24 X 0.33 CL B","2","1","2","12.88","","25.76","9","140.92","15.62","177.74","EUR","coca_cola_zero_24_x_0_33_cl_b","coca_cola_zero_24_x_0_33_cl_b"
"00000040-Factuur 87237.pdf","87237","2026-03-26","Horeca Groothandel","71286969","8586.52.158 B01","NL84INGB0007527163","FOUR ZIESOUN","Amsterdam","1432","1010","COCA COLA 24 X 0.33 CL {D}","2","1","2","12.88","","25.76","9","140.92","15.62","177.74","EUR","coca_cola_24_x_0_33_cl_d","coca_cola_24_x_0_33_cl_d"
"00000040-Factuur 87237.pdf","87237","2026-03-26","Horeca Groothandel","71286969","8586.52.158 B01","NL84INGB0007527163","FOUR ZIESOUN","Amsterdam","1432","9500+","TORK ROL 6 ST HOOG WIT","1","1","1","14","","14","21","140.92","15.62","177.74","EUR","tork_rol_6_st_hoog_wit","tork_rol_6_st_hoog_wit"
"00000040-Factuur 87237.pdf","87237","2026-03-26","Horeca Groothandel","71286969","8586.52.158 B01","NL84INGB0007527163","FOUR ZIESOUN","Amsterdam","1432","B1003","BRIOCHE HAM . BR. 80 GR 30 ST","5","1","5","13.48","","67.4","9","140.92","15.62","177.74","EUR","brioche_ham_br_80_gr_30_st","brioche_ham_br_80_gr_30_st"
"00000041-Factuur 87204.pdf","87204","2026-03-20","Horeca Groothandel","71286969","8586.52.158 B01","NL 84 INGB 0007527163","FOUR ZIESOUN","Amsterdam","1432","9347","PATAT LAM BW. 18 M M {F 69 }","10","1","10","18.58","","185.8","9","338.2","30.44","375.84","EUR","patat_lam_bw_18_m_m_f_69","patat_lam_bw_18_m_m_f_69"
"00000041-Factuur 87204.pdf","87204","2026-03-20","Horeca Groothandel","71286969","8586.52.158 B01","NL 84 INGB 0007527163","FOUR ZIESOUN","Amsterdam","1432","B1003","BRIOCHE HAM . BR. 80 GR 30 ST","6","1","6","13.48","","80.88","9","338.2","30.44","375.84","EUR","brioche_ham_br_80_gr_30_st","brioche_ham_br_80_gr_30_st"
"00000041-Factuur 87204.pdf","87204","2026-03-20","Horeca Groothandel","71286969","8586.52.158 B01","NL 84 INGB 0007527163","FOUR ZIESOUN","Amsterdam","1432","1350","SPA BLAUW 24 X 0.50 CL","2","1","2","10","3.6","7.2","9","338.2","30.44","375.84","EUR","spa_blauw_24_x_0_50_cl","spa_blauw_24_x_0_50_cl"
"00000041-Factuur 87204.pdf","87204","2026-03-20","Horeca Groothandel","71286969","8586.52.158 B01","NL 84 INGB 0007527163","FOUR ZIESOUN","Amsterdam","1432","1010","COCA COLA 24 X 0.33 CL {D}","2","1","2","12.88","","25.76","9","338.2","30.44","375.84","EUR","coca_cola_24_x_0_33_cl_d","coca_cola_24_x_0_33_cl_d"
"00000041-Factuur 87204.pdf","87204","2026-03-20","Horeca Groothandel","71286969","8586.52.158 B01","NL 84 INGB 0007527163","FOUR ZIESOUN","Amsterdam","1432","1015","COCA COLA ZERO 24 X 0.33 CL B","2","1","2","12.88","","25.76","9","338.2","30.44","375.84","EUR","coca_cola_zero_24_x_0_33_cl_b","coca_cola_zero_24_x_0_33_cl_b"
"00000042-Factuur 87217.pdf","87217","2026-03-23","Horeca Groothandel","71286969","8586.52.158 B01","NL 84 INGB 0007527163","FOUR ZIESOUN","Amsterdam","1432","9347","PATAT LAM BW. 18 M M {F 69 }","10","1","10","18.58","","185.8","9","420.08","39.49","459.57","EUR","patat_lam_bw_18_m_m_f_69","patat_lam_bw_18_m_m_f_69"
"00000042-Factuur 87217.pdf","87217","2026-03-23","Horeca Groothandel","71286969","8586.52.158 B01","NL 84 INGB 0007527163","FOUR ZIESOUN","Amsterdam","1432","9500+","TORK ROL 6 ST HOOG WIT","1","1","1","14","","14","21","420.08","39.49","459.57","EUR","tork_rol_6_st_hoog_wit","tork_rol_6_st_hoog_wit"
"00000042-Factuur 87217.pdf","87217","2026-03-23","Horeca Groothandel","71286969","8586.52.158 B01","NL 84 INGB 0007527163","FOUR ZIESOUN","Amsterdam","1432","9342+","FRISIA FRITUUROLIE 10L","2","1","2","18.7","","37.4","9","420.08","39.49","459.57","EUR","frisia_frituurolie_10l","frisia_frituurolie_10l"
"00000042-Factuur 87217.pdf","87217","2026-03-23","Horeca Groothandel","71286969","8586.52.158 B01","NL 84 INGB 0007527163","FOUR ZIESOUN","Amsterdam","1432","9723","ZAANSE M AYONNAISE 80% 10KG","2","1","2","30.78","","61.56","9","420.08","39.49","459.57","EUR","zaanse_m_ayonnaise_80_10kg","zaanse_m_ayonnaise_80_10kg"
"00000042-Factuur 87217.pdf","87217","2026-03-23","Horeca Groothandel","71286969","8586.52.158 B01","NL 84 INGB 0007527163","FOUR ZIESOUN","Amsterdam","1432","B1003","BRIOCHE HAM . BR. 80 GR 30 ST","9","1","9","13.48","","121.32","9","420.08","39.49","459.57","EUR","brioche_ham_br_80_gr_30_st","brioche_ham_br_80_gr_30_st"
"00000043-Factuur 87247.pdf","87247","2026-03-27","Horeca Groothandel","71286969","8586.52.158 B01","NL84INGB0007527163","FOUR ZIESOUN","Amsterdam","1432","9347","PATAT LAM BW. 18 M M {F 69 }","10","1","10","18.58","","185.8","9","476.9","42.92","519.82","EUR","patat_lam_bw_18_m_m_f_69","patat_lam_bw_18_m_m_f_69"
"00000043-Factuur 87247.pdf","87247","2026-03-27","Horeca Groothandel","71286969","8586.52.158 B01","NL84INGB0007527163","FOUR ZIESOUN","Amsterdam","1432","B1003","BRIOCHE HAM . BR. 80 GR 30 ST","10","1","10","13.48","","134.8","9","476.9","42.92","519.82","EUR","brioche_ham_br_80_gr_30_st","brioche_ham_br_80_gr_30_st"
"00000043-Factuur 87247.pdf","87247","2026-03-27","Horeca Groothandel","71286969","8586.52.158 B01","NL84INGB0007527163","FOUR ZIESOUN","Amsterdam","1432","9342+","FRISIA FRITUUROLIE 10L","3","1","3","18.7","","56.1","9","476.9","42.92","519.82","EUR","frisia_frituurolie_10l","frisia_frituurolie_10l"
"00000043-Factuur 87247.pdf","87247","2026-03-27","Horeca Groothandel","71286969","8586.52.158 B01","NL84INGB0007527163","FOUR ZIESOUN","Amsterdam","1432","1013","FANTA ORANGE 24 X 0.33 CL {D}","3","1","3","12.88","","38.64","9","476.9","42.92","519.82","EUR","fanta_orange_24_x_0_33_cl_d","fanta_orange_24_x_0_33_cl_d"
"00000043-Factuur 87247.pdf","87247","2026-03-27","Horeca Groothandel","71286969","8586.52.158 B01","NL84INGB0007527163","FOUR ZIESOUN","Amsterdam","1432","9723","ZAANSE M AYONNAISE 80% 10KG","2","1","2","30.78","","61.56","9","476.9","42.92","519.82","EUR","zaanse_m_ayonnaise_80_10kg","zaanse_m_ayonnaise_80_10kg"
"00000044-Factuur 87210.pdf","87210","2026-03-20","Horeca Groothandel","71286969","8586.52.158 B01","NL 84 INGB 0007527163","CAFE UIT KIJKEN","Amsterdam","1269","17700","COCA COLA KRAT 24 X 0.20 CL","5","1","5","13.59","5","67.95","9","832.95","103.37","936.32","EUR","coca_cola_krat_24_x_0_20_cl","coca_cola_krat_24_x_0_20_cl"
"00000044-Factuur 87210.pdf","87210","2026-03-20","Horeca Groothandel","71286969","8586.52.158 B01","NL 84 INGB 0007527163","CAFE UIT KIJKEN","Amsterdam","1269","17744","COCA COLA ZERO KRAT 24 X 0.20","2","1","2","13.59","5","27.18","9","832.95","103.37","936.32","EUR","coca_cola_zero_krat_24_x_0_20","coca_cola_zero_krat_24_x_0_20"
"00000044-Factuur 87210.pdf","87210","2026-03-20","Horeca Groothandel","71286969","8586.52.158 B01","NL 84 INGB 0007527163","CAFE UIT KIJKEN","Amsterdam","1269","4211","CHAUDFONTIANE BLAUW 24 X","2","1","2","8.88","5","17.76","9","832.95","103.37","936.32","EUR","chaudfontiane_blauw_24_x","chaudfontiane_blauw_24_x"
"00000044-Factuur 87210.pdf","87210","2026-03-20","Horeca Groothandel","71286969","8586.52.158 B01","NL 84 INGB 0007527163","CAFE UIT KIJKEN","Amsterdam","1269","4220","CHAUDFONTIANE ROOD 24 X 25","1","1","1","8.88","5","8.88","9","832.95","103.37","936.32","EUR","chaudfontiane_rood_24_x_25","chaudfontiane_rood_24_x_25"
"00000044-Factuur 87210.pdf","87210","2026-03-20","Horeca Groothandel","71286969","8586.52.158 B01","NL 84 INGB 0007527163","CAFE UIT KIJKEN","Amsterdam","1269","2058","APPLE BANDIT KRAT 24 X 30 CL","1","1","1","23.4","3.9","23.4","21","832.95","103.37","936.32","EUR","apple_bandit_krat_24_x_30_cl","apple_bandit_krat_24_x_30_cl"
"00000044-Factuur 87210.pdf","87210","2026-03-20","Horeca Groothandel","71286969","8586.52.158 B01","NL 84 INGB 0007527163","CAFE UIT KIJKEN","Amsterdam","1269","2061","HEINEKEN BIER DAVID SE. 20 LT","2","1","2","61","30","122","21","832.95","103.37","936.32","EUR","heineken_bier_david_se_20_lt","heineken_bier_david_se_20_lt"
"00000044-Factuur 87210.pdf","87210","2026-03-20","Horeca Groothandel","71286969","8586.52.158 B01","NL 84 INGB 0007527163","CAFE UIT KIJKEN","Amsterdam","1269","9342+","FRISIA FRITUUROLIE 10L","3","1","3","18.7","","56.1","9","832.95","103.37","936.32","EUR","frisia_frituurolie_10l","frisia_frituurolie_10l"
"00000044-Factuur 87210.pdf","87210","2026-03-20","Horeca Groothandel","71286969","8586.52.158 B01","NL 84 INGB 0007527163","CAFE UIT KIJKEN","Amsterdam","1269","B1003","BRIOCHE HAM . BR. 80 GR 30 ST","10","1","10","13.48","","134.8","9","832.95","103.37","936.32","EUR","brioche_ham_br_80_gr_30_st","brioche_ham_br_80_gr_30_st"
"00000044-Factuur 87210.pdf","87210","2026-03-20","Horeca Groothandel","71286969","8586.52.158 B01","NL 84 INGB 0007527163","CAFE UIT KIJKEN","Amsterdam","1269","220069","DRINKRIETJE PAPIER 100 st. 6mm/","5","1","5","1.69","","8.45","21","832.95","103.37","936.32","EUR","drinkrietje_papier_100_st_6mm","drinkrietje_papier_100_st_6mm"
"00000044-Factuur 87210.pdf","87210","2026-03-20","Horeca Groothandel","71286969","8586.52.158 B01","NL 84 INGB 0007527163","CAFE UIT KIJKEN","Amsterdam","1269","9512","SERVETTEN 500 ST 33 CM","10","1","10","3","","30","21","832.95","103.37","936.32","EUR","servetten_500_st_33_cm","servetten_500_st_33_cm"
"00000044-Factuur 87210.pdf","87210","2026-03-20","Horeca Groothandel","71286969","8586.52.158 B01","NL 84 INGB 0007527163","CAFE UIT KIJKEN","Amsterdam","1269","9347","PATAT LAM BW. 18 M M {F 69 }","5","1","5","18.58","","92.9","9","832.95","103.37","936.32","EUR","patat_lam_bw_18_m_m_f_69","patat_lam_bw_18_m_m_f_69"
"00000044-Factuur 87210.pdf","87210","2026-03-20","Horeca Groothandel","71286969","8586.52.158 B01","NL 84 INGB 0007527163","CAFE UIT KIJKEN","Amsterdam","1269","01 -4","Embalage 0.20 x 24 {0.20 x 28}","1","-4","","0","5","0","","832.95","103.37","936.32","EUR","embalage_0_20_x_24_0_20_x_28","embalage_0_20_x_24_0_20_x_28"
"00000044-Factuur 87210.pdf","87210","2026-03-20","Horeca Groothandel","71286969","8586.52.158 B01","NL 84 INGB 0007527163","CAFE UIT KIJKEN","Amsterdam","1269","02 -2","Embalage 0.30 x 24{0.50 x 18}","1","-2","","0","3.9","0","","832.95","103.37","936.32","EUR","embalage_0_30_x_24_0_50_x_18","embalage_0_30_x_24_0_50_x_18"
"00000044-Factuur 87210.pdf","87210","2026-03-20","Horeca Groothandel","71286969","8586.52.158 B01","NL 84 INGB 0007527163","CAFE UIT KIJKEN","Amsterdam","1269","03 -2","Embalage vust bier","1","-2","","0","30","0","","832.95","103.37","936.32","EUR","embalage_vust_bier","embalage_vust_bier"
"00000044-Factuur 87210.pdf","87210","2026-03-20","Horeca Groothandel","71286969","8586.52.158 B01","NL 84 INGB 0007527163","CAFE UIT KIJKEN","Amsterdam","1269","2060+","M ORETTI BIRRA 20 LT","2","1","2","62.48","30","124.96","21","832.95","103.37","936.32","EUR","m_oretti_birra_20_lt","m_oretti_birra_20_lt"
"00000044-Factuur 87210.pdf","87210","2026-03-20","Horeca Groothandel","71286969","8586.52.158 B01","NL 84 INGB 0007527163","CAFE UIT KIJKEN","Amsterdam","1269","4211","CHAUDFONTIANE BLAUW 24 X","1","1","1","8.88","5","8.88","9","832.95","103.37","936.32","EUR","chaudfontiane_blauw_24_x","chaudfontiane_blauw_24_x"
"00000044-Factuur 87210.pdf","87210","2026-03-20","Horeca Groothandel","71286969","8586.52.158 B01","NL 84 INGB 0007527163","CAFE UIT KIJKEN","Amsterdam","1269","17744","COCA COLA ZERO KRAT 24 X 0.20","1","1","1","13.59","5","13.59","9","832.95","103.37","936.32","EUR","coca_cola_zero_krat_24_x_0_20","coca_cola_zero_krat_24_x_0_20"
"00000045-Factuur 87248.pdf","87248","2026-03-27","Horeca Groothandel","71286969","8586.52.158 B01","NL 84 INGB 0007527163","CAFE UIT KIJKEN","Amsterdam","1269","9727","TRUFFEL M AYO 2.50 KG","1","1","1","16.6","","16.6","9","843.75","105.65","972.2","EUR","truffel_m_ayo_2_50_kg","truffel_m_ayo_2_50_kg"
"00000045-Factuur 87248.pdf","87248","2026-03-27","Horeca Groothandel","71286969","8586.52.158 B01","NL 84 INGB 0007527163","CAFE UIT KIJKEN","Amsterdam","1269","9347","PATAT LAM BW. 18 M M {F 69 }","8","1","8","18.58","","148.64","9","843.75","105.65","972.2","EUR","patat_lam_bw_18_m_m_f_69","patat_lam_bw_18_m_m_f_69"
"00000045-Factuur 87248.pdf","87248","2026-03-27","Horeca Groothandel","71286969","8586.52.158 B01","NL 84 INGB 0007527163","CAFE UIT KIJKEN","Amsterdam","1269","B1003","BRIOCHE HAM . BR. 80 GR 30 ST","9","1","9","13.48","","121.32","9","843.75","105.65","972.2","EUR","brioche_ham_br_80_gr_30_st","brioche_ham_br_80_gr_30_st"
"00000045-Factuur 87248.pdf","87248","2026-03-27","Horeca Groothandel","71286969","8586.52.158 B01","NL 84 INGB 0007527163","CAFE UIT KIJKEN","Amsterdam","1269","06123","SLAGROOM SPUITBUS","1","1","1","8.64","","8.64","9","843.75","105.65","972.2","EUR","slagroom_spuitbus","slagroom_spuitbus"
"00000045-Factuur 87248.pdf","87248","2026-03-27","Horeca Groothandel","71286969","8586.52.158 B01","NL 84 INGB 0007527163","CAFE UIT KIJKEN","Amsterdam","1269","9336+-","NAARM AN HOUDBAAR M ELK12","1","1","1","14.8","","14.8","9","843.75","105.65","972.2","EUR","naarm_an_houdbaar_m_elk12","naarm_an_houdbaar_m_elk12"
"00000045-Factuur 87248.pdf","87248","2026-03-27","Horeca Groothandel","71286969","8586.52.158 B01","NL 84 INGB 0007527163","CAFE UIT KIJKEN","Amsterdam","1269","2061","HEINEKEN BIER DAVID SE. 20 LT","2","1","2","61","30","60","21","843.75","105.65","972.2","EUR","heineken_bier_david_se_20_lt","heineken_bier_david_se_20_lt"
"00000045-Factuur 87248.pdf","87248","2026-03-27","Horeca Groothandel","71286969","8586.52.158 B01","NL 84 INGB 0007527163","CAFE UIT KIJKEN","Amsterdam","1269","2060+","M ORETTI BIRRA 20 LT","1","1","1","63","30","30","21","843.75","105.65","972.2","EUR","m_oretti_birra_20_lt","m_oretti_birra_20_lt"
"00000045-Factuur 87248.pdf","87248","2026-03-27","Horeca Groothandel","71286969","8586.52.158 B01","NL 84 INGB 0007527163","CAFE UIT KIJKEN","Amsterdam","1269","9342+","FRISIA FRITUUROLIE 10L","2","1","2","18.7","","37.4","9","843.75","105.65","972.2","EUR","frisia_frituurolie_10l","frisia_frituurolie_10l"
"00000045-Factuur 87248.pdf","87248","2026-03-27","Horeca Groothandel","71286969","8586.52.158 B01","NL 84 INGB 0007527163","CAFE UIT KIJKEN","Amsterdam","1269","17700","COCA COLA KRAT 24 X 0.20 CL","6","1","6","13.59","5","30","9","843.75","105.65","972.2","EUR","coca_cola_krat_24_x_0_20_cl","coca_cola_krat_24_x_0_20_cl"
"00000045-Factuur 87248.pdf","87248","2026-03-27","Horeca Groothandel","71286969","8586.52.158 B01","NL 84 INGB 0007527163","CAFE UIT KIJKEN","Amsterdam","1269","17744","COCA COLA ZERO KRAT 24 X 0.20","4","1","4","13.59","5","20","9","843.75","105.65","972.2","EUR","coca_cola_zero_krat_24_x_0_20","coca_cola_zero_krat_24_x_0_20"
"00000045-Factuur 87248.pdf","87248","2026-03-27","Horeca Groothandel","71286969","8586.52.158 B01","NL 84 INGB 0007527163","CAFE UIT KIJKEN","Amsterdam","1269","17733","FANTA ORANGE 24 X 0.20 CL","1","1","1","13.89","5","5","9","843.75","105.65","972.2","EUR","fanta_orange_24_x_0_20_cl","fanta_orange_24_x_0_20_cl"
"00000045-Factuur 87248.pdf","87248","2026-03-27","Horeca Groothandel","71286969","8586.52.158 B01","NL 84 INGB 0007527163","CAFE UIT KIJKEN","Amsterdam","1269","4211","CHAUDFONTIANE BLAUW 24 X","3","1","3","8.88","5","15","9","843.75","105.65","972.2","EUR","chaudfontiane_blauw_24_x","chaudfontiane_blauw_24_x"
"00000045-Factuur 87248.pdf","87248","2026-03-27","Horeca Groothandel","71286969","8586.52.158 B01","NL 84 INGB 0007527163","CAFE UIT KIJKEN","Amsterdam","1269","4220","CHAUDFONTIANE ROOD 24 X 25","1","1","1","8.88","5","5","9","843.75","105.65","972.2","EUR","chaudfontiane_rood_24_x_25","chaudfontiane_rood_24_x_25"
"00000045-Factuur 87248.pdf","87248","2026-03-27","Horeca Groothandel","71286969","8586.52.158 B01","NL 84 INGB 0007527163","CAFE UIT KIJKEN","Amsterdam","1269","17702","FUZETEA GREEN 24 X 0.20 CL","2","1","2","15.86","5","10","9","843.75","105.65","972.2","EUR","fuzetea_green_24_x_0_20_cl","fuzetea_green_24_x_0_20_cl"
"00000045-Factuur 87248.pdf","87248","2026-03-27","Horeca Groothandel","71286969","8586.52.158 B01","NL 84 INGB 0007527163","CAFE UIT KIJKEN","Amsterdam","1269","17703","FUZETEA PEACH 24 X 0.20 CL","2","1","2","15.86","5","10","9","843.75","105.65","972.2","EUR","fuzetea_peach_24_x_0_20_cl","fuzetea_peach_24_x_0_20_cl"
"00000045-Factuur 87248.pdf","87248","2026-03-27","Horeca Groothandel","71286969","8586.52.158 B01","NL 84 INGB 0007527163","CAFE UIT KIJKEN","Amsterdam","1269","3030","AM STEL BIER 24 X 0.30 FL.","1","1","1","17.4","3.9","3.9","21","843.75","105.65","972.2","EUR","am_stel_bier_24_x_0_30_fl","am_stel_bier_24_x_0_30_fl"
"00000045-Factuur 87248.pdf","87248","2026-03-27","Horeca Groothandel","71286969","8586.52.158 B01","NL 84 INGB 0007527163","CAFE UIT KIJKEN","Amsterdam","1269","3077","BIRRA PERONI NASTRO","1","1","1","21.8","3.9","3.9","21","843.75","105.65","972.2","EUR","birra_peroni_nastro","birra_peroni_nastro"
"00000045-Factuur 87248.pdf","87248","2026-03-27","Horeca Groothandel","71286969","8586.52.158 B01","NL 84 INGB 0007527163","CAFE UIT KIJKEN","Amsterdam","1269","2058","APPLE BANDIT KRAT 24 X 30 CL","1","1","1","23.4","3.9","3.9","21","843.75","105.65","972.2","EUR","apple_bandit_krat_24_x_30_cl","apple_bandit_krat_24_x_30_cl"
"00000045-Factuur 87248.pdf","87248","2026-03-27","Horeca Groothandel","71286969","8586.52.158 B01","NL 84 INGB 0007527163","CAFE UIT KIJKEN","Amsterdam","1269","02 -1","Embalage 0.30 x 24{0.50 x 18}","1","-1","","0","3.9","-3.9","3.9","843.75","105.65","972.2","EUR","embalage_0_30_x_24_0_50_x_18","embalage_0_30_x_24_0_50_x_18"
"00000045-Factuur 87248.pdf","87248","2026-03-27","Horeca Groothandel","71286969","8586.52.158 B01","NL 84 INGB 0007527163","CAFE UIT KIJKEN","Amsterdam","1269","03 -4","Embalage vust bier","1","-4","","0","30","-120","30","843.75","105.65","972.2","EUR","embalage_vust_bier","embalage_vust_bier"
"00000045-Factuur 87248.pdf","87248","2026-03-27","Horeca Groothandel","71286969","8586.52.158 B01","NL 84 INGB 0007527163","CAFE UIT KIJKEN","Amsterdam","1269","01 -10","Embalage 0.20 x 24 {0.20 x 28}","1","-10","","0","5","-50","5","843.75","105.65","972.2","EUR","embalage_0_20_x_24_0_20_x_28","embalage_0_20_x_24_0_20_x_28"
"00000046-Factuur 87278.pdf","87278","2026-03-30","Horeca Groothandel","71286969","8586.52.158 B01","NL84INGB0007527163","FOUR ZIESOUN","Amsterdam","1432","9346","PATAT LAM BWES. 9 M M (F64)","10","1","10","18.56","","185.6","9","431.48","38.83","477.51","EUR","patat_lam_bwes_9_m_m_f64","patat_lam_bwes_9_m_m_f64"
"00000046-Factuur 87278.pdf","87278","2026-03-30","Horeca Groothandel","71286969","8586.52.158 B01","NL84INGB0007527163","FOUR ZIESOUN","Amsterdam","1432","B1003","BRIOCHE HAM . BR. 80 GR 30 ST","10","1","10","13.48","","134.8","9","431.48","38.83","477.51","EUR","brioche_ham_br_80_gr_30_st","brioche_ham_br_80_gr_30_st"
"00000046-Factuur 87278.pdf","87278","2026-03-30","Horeca Groothandel","71286969","8586.52.158 B01","NL84INGB0007527163","FOUR ZIESOUN","Amsterdam","1432","1010","COCA COLA 24 X 0.33 CL {D}","2","1","2","11.5","","23","9","431.48","38.83","477.51","EUR","coca_cola_24_x_0_33_cl_d","coca_cola_24_x_0_33_cl_d"
"00000046-Factuur 87278.pdf","87278","2026-03-30","Horeca Groothandel","71286969","8586.52.158 B01","NL84INGB0007527163","FOUR ZIESOUN","Amsterdam","1432","1015","COCA COLA ZERO 24 X 0.33 CL B","2","1","2","11.5","","23","9","431.48","38.83","477.51","EUR","coca_cola_zero_24_x_0_33_cl_b","coca_cola_zero_24_x_0_33_cl_b"
"00000046-Factuur 87278.pdf","87278","2026-03-30","Horeca Groothandel","71286969","8586.52.158 B01","NL84INGB0007527163","FOUR ZIESOUN","Amsterdam","1432","1350","SPA BLAUW 24 X 0.50 CL","2","1","2","10.5","3.6","21","9","431.48","38.83","477.51","EUR","spa_blauw_24_x_0_50_cl","spa_blauw_24_x_0_50_cl"
"00000046-Factuur 87278.pdf","87278","2026-03-30","Horeca Groothandel","71286969","8586.52.158 B01","NL84INGB0007527163","FOUR ZIESOUN","Amsterdam","1432","9341","GRENADA GOLD FRITUUROLIE 2","2","1","2","22.04","","44.08","9","431.48","38.83","477.51","EUR","grenada_gold_frituurolie_2","grenada_gold_frituurolie_2"
"00000047-Factuur 87277.pdf","87277","2026-03-30","Horeca Groothandel","71286969","8586.52.158 B01","NL 84 INGB 0007527163","CAFE UIT KIJKEN","Amsterdam","1269","9347","PATAT LAM BW. 18 M M {F 69 }","5","1","5","18.58","","92.9","9","523.33","48.87","572.2","EUR","patat_lam_bw_18_m_m_f_69","patat_lam_bw_18_m_m_f_69"
"00000047-Factuur 87277.pdf","87277","2026-03-30","Horeca Groothandel","71286969","8586.52.158 B01","NL 84 INGB 0007527163","CAFE UIT KIJKEN","Amsterdam","1269","B1003","BRIOCHE HAM . BR. 80 GR 30 ST","10","1","10","13.48","","134.8","9","523.33","48.87","572.2","EUR","brioche_ham_br_80_gr_30_st","brioche_ham_br_80_gr_30_st"
"00000047-Factuur 87277.pdf","87277","2026-03-30","Horeca Groothandel","71286969","8586.52.158 B01","NL 84 INGB 0007527163","CAFE UIT KIJKEN","Amsterdam","1269","9727","TRUFFEL M AYO 2.50 KG","1","1","1","16.6","","16.6","9","523.33","48.87","572.2","EUR","truffel_m_ayo_2_50_kg","truffel_m_ayo_2_50_kg"
"00000047-Factuur 87277.pdf","87277","2026-03-30","Horeca Groothandel","71286969","8586.52.158 B01","NL 84 INGB 0007527163","CAFE UIT KIJKEN","Amsterdam","1269","220069","DRINKRIETJE PAPIER 100 st. 6mm/","5","1","5","1.69","","8.45","21","523.33","48.87","572.2","EUR","drinkrietje_papier_100_st_6mm","drinkrietje_papier_100_st_6mm"
"00000047-Factuur 87277.pdf","87277","2026-03-30","Horeca Groothandel","71286969","8586.52.158 B01","NL 84 INGB 0007527163","CAFE UIT KIJKEN","Amsterdam","1269","00002","M INUTE M AID APPEL 24 X 0.20 CL","1","1","1","17.23","5","5","9","523.33","48.87","572.2","EUR","m_inute_m_aid_appel_24_x_0_20_cl","m_inute_m_aid_appel_24_x_0_20_cl"
"00000047-Factuur 87277.pdf","87277","2026-03-30","Horeca Groothandel","71286969","8586.52.158 B01","NL 84 INGB 0007527163","CAFE UIT KIJKEN","Amsterdam","1269","17777","SPRITE 24 X 0.20 CL","1","1","1","13.59","5","5","9","523.33","48.87","572.2","EUR","sprite_24_x_0_20_cl","sprite_24_x_0_20_cl"
"00000047-Factuur 87277.pdf","87277","2026-03-30","Horeca Groothandel","71286969","8586.52.158 B01","NL 84 INGB 0007527163","CAFE UIT KIJKEN","Amsterdam","1269","17700","COCA COLA KRAT 24 X 0.20 CL","5","1","5","13.59","5","25","9","523.33","48.87","572.2","EUR","coca_cola_krat_24_x_0_20_cl","coca_cola_krat_24_x_0_20_cl"
"00000047-Factuur 87277.pdf","87277","2026-03-30","Horeca Groothandel","71286969","8586.52.158 B01","NL 84 INGB 0007527163","CAFE UIT KIJKEN","Amsterdam","1269","17744","COCA COLA ZERO KRAT 24 X 0.20","3","1","3","13.59","5","15","9","523.33","48.87","572.2","EUR","coca_cola_zero_krat_24_x_0_20","coca_cola_zero_krat_24_x_0_20"
"00000047-Factuur 87277.pdf","87277","2026-03-30","Horeca Groothandel","71286969","8586.52.158 B01","NL 84 INGB 0007527163","CAFE UIT KIJKEN","Amsterdam","1269","4220","CHAUDFONTIANE ROOD 24 X 25","2","1","2","8.88","5","10","9","523.33","48.87","572.2","EUR","chaudfontiane_rood_24_x_25","chaudfontiane_rood_24_x_25"
"00000047-Factuur 87277.pdf","87277","2026-03-30","Horeca Groothandel","71286969","8586.52.158 B01","NL 84 INGB 0007527163","CAFE UIT KIJKEN","Amsterdam","1269","4211","CHAUDFONTIANE BLAUW 24 X","5","1","5","8.88","5","25","9","523.33","48.87","572.2","EUR","chaudfontiane_blauw_24_x","chaudfontiane_blauw_24_x"
"00000047-Factuur 87277.pdf","87277","2026-03-30","Horeca Groothandel","71286969","8586.52.158 B01","NL 84 INGB 0007527163","CAFE UIT KIJKEN","Amsterdam","1269","17733","FANTA ORANGE 24 X 0.20 CL","1","1","1","13.89","5","5","9","523.33","48.87","572.2","EUR","fanta_orange_24_x_0_20_cl","fanta_orange_24_x_0_20_cl"
"00000047-Factuur 87277.pdf","87277","2026-03-30","Horeca Groothandel","71286969","8586.52.158 B01","NL 84 INGB 0007527163","CAFE UIT KIJKEN","Amsterdam","1269","17703","FUZETEA PEACH 24 X 0.20 CL","2","1","2","15.86","5","10","9","523.33","48.87","572.2","EUR","fuzetea_peach_24_x_0_20_cl","fuzetea_peach_24_x_0_20_cl"
"00000047-Factuur 87277.pdf","87277","2026-03-30","Horeca Groothandel","71286969","8586.52.158 B01","NL 84 INGB 0007527163","CAFE UIT KIJKEN","Amsterdam","1269","17702","FUZETEA GREEN 24 X 0.20 CL","2","1","2","15.86","5","10","9","523.33","48.87","572.2","EUR","fuzetea_green_24_x_0_20_cl","fuzetea_green_24_x_0_20_cl"
"00000047-Factuur 87277.pdf","87277","2026-03-30","Horeca Groothandel","71286969","8586.52.158 B01","NL 84 INGB 0007527163","CAFE UIT KIJKEN","Amsterdam","1269","03 -4","Embalage vust bier","1","-4","","0","30","-120","","523.33","48.87","572.2","EUR","embalage_vust_bier","embalage_vust_bier"
"00000047-Factuur 87277.pdf","87277","2026-03-30","Horeca Groothandel","71286969","8586.52.158 B01","NL 84 INGB 0007527163","CAFE UIT KIJKEN","Amsterdam","1269","01 -16","Embalage 0.20 x 24 {0.20 x 28}","1","-16","","0","5","-80","","523.33","48.87","572.2","EUR","embalage_0_20_x_24_0_20_x_28","embalage_0_20_x_24_0_20_x_28"
"00000048-Factuur 87237.pdf","87237","2026-03-26","Horeca Groothandel","71286969","8586.52.158 B01","NL 84 INGB 0007527163","FOUR ZIESOUN","Amsterdam","1432","1350","SPA BLAUW 24 X 0.50 CL","2","1","2","11","","22","9","140.92","15.62","177.74","EUR","spa_blauw_24_x_0_50_cl","spa_blauw_24_x_0_50_cl"
"00000048-Factuur 87237.pdf","87237","2026-03-26","Horeca Groothandel","71286969","8586.52.158 B01","NL 84 INGB 0007527163","FOUR ZIESOUN","Amsterdam","1432","1015","COCA COLA ZERO 24 X 0.33 CL B","2","1","2","12.88","","25.76","9","140.92","15.62","177.74","EUR","coca_cola_zero_24_x_0_33_cl_b","coca_cola_zero_24_x_0_33_cl_b"
"00000048-Factuur 87237.pdf","87237","2026-03-26","Horeca Groothandel","71286969","8586.52.158 B01","NL 84 INGB 0007527163","FOUR ZIESOUN","Amsterdam","1432","1010","COCA COLA 24 X 0.33 CL {D}","2","1","2","12.88","","25.76","9","140.92","15.62","177.74","EUR","coca_cola_24_x_0_33_cl_d","coca_cola_24_x_0_33_cl_d"
"00000048-Factuur 87237.pdf","87237","2026-03-26","Horeca Groothandel","71286969","8586.52.158 B01","NL 84 INGB 0007527163","FOUR ZIESOUN","Amsterdam","1432","9500+","TORK ROL 6 ST HOOG WIT","1","1","1","14","","14","21","140.92","15.62","177.74","EUR","tork_rol_6_st_hoog_wit","tork_rol_6_st_hoog_wit"
"00000048-Factuur 87237.pdf","87237","2026-03-26","Horeca Groothandel","71286969","8586.52.158 B01","NL 84 INGB 0007527163","FOUR ZIESOUN","Amsterdam","1432","B1003","BRIOCHE HAM . BR. 80 GR 30 ST","5","1","5","13.48","","67.4","9","140.92","15.62","177.74","EUR","brioche_ham_br_80_gr_30_st","brioche_ham_br_80_gr_30_st"
"00000049-Factuur 87204.pdf","87204","2026-03-20","Horeca Groothandel","71286969","8586.52.158 B01","NL 84 INGB 0007527163","FOUR ZIESOUN","Amsterdam","1432","9347","PATAT LAM BW. 18 M M {F 69 }","10","1","10","18.58","","185.8","9","338.2","30.44","375.84","EUR","patat_lam_bw_18_m_m_f_69","patat_lam_bw_18_m_m_f_69"
"00000049-Factuur 87204.pdf","87204","2026-03-20","Horeca Groothandel","71286969","8586.52.158 B01","NL 84 INGB 0007527163","FOUR ZIESOUN","Amsterdam","1432","B1003","BRIOCHE HAM . BR. 80 GR 30 ST","6","1","6","13.48","","80.88","9","338.2","30.44","375.84","EUR","brioche_ham_br_80_gr_30_st","brioche_ham_br_80_gr_30_st"
"00000049-Factuur 87204.pdf","87204","2026-03-20","Horeca Groothandel","71286969","8586.52.158 B01","NL 84 INGB 0007527163","FOUR ZIESOUN","Amsterdam","1432","1350","SPA BLAUW 24 X 0.50 CL","2","1","2","10","3.6","7.2","9","338.2","30.44","375.84","EUR","spa_blauw_24_x_0_50_cl","spa_blauw_24_x_0_50_cl"
"00000049-Factuur 87204.pdf","87204","2026-03-20","Horeca Groothandel","71286969","8586.52.158 B01","NL 84 INGB 0007527163","FOUR ZIESOUN","Amsterdam","1432","1010","COCA COLA 24 X 0.33 CL {D}","2","1","2","12.88","","25.76","9","338.2","30.44","375.84","EUR","coca_cola_24_x_0_33_cl_d","coca_cola_24_x_0_33_cl_d"
"00000049-Factuur 87204.pdf","87204","2026-03-20","Horeca Groothandel","71286969","8586.52.158 B01","NL 84 INGB 0007527163","FOUR ZIESOUN","Amsterdam","1432","1015","COCA COLA ZERO 24 X 0.33 CL B","2","1","2","12.88","","25.76","9","338.2","30.44","375.84","EUR","coca_cola_zero_24_x_0_33_cl_b","coca_cola_zero_24_x_0_33_cl_b"
"00000050-Factuur 87217.pdf","87217","2026-03-23","Horeca Groothandel","71286969","8586.52.158 B01","NL84INGB0007527163","FOUR ZIESOUN","Amsterdam","1432","9347","PATAT LAM BW. 18 M M {F 69 }","10","1","10","18.58","","185.8","9","420.08","39.49","459.57","EUR","patat_lam_bw_18_m_m_f_69","patat_lam_bw_18_m_m_f_69"
"00000050-Factuur 87217.pdf","87217","2026-03-23","Horeca Groothandel","71286969","8586.52.158 B01","NL84INGB0007527163","FOUR ZIESOUN","Amsterdam","1432","9500+","TORK ROL 6 ST HOOG WIT","1","1","1","14","","14","21","420.08","39.49","459.57","EUR","tork_rol_6_st_hoog_wit","tork_rol_6_st_hoog_wit"
"00000050-Factuur 87217.pdf","87217","2026-03-23","Horeca Groothandel","71286969","8586.52.158 B01","NL84INGB0007527163","FOUR ZIESOUN","Amsterdam","1432","9342+","FRISIA FRITUUROLIE 10L","2","1","2","18.7","","37.4","9","420.08","39.49","459.57","EUR","frisia_frituurolie_10l","frisia_frituurolie_10l"
"00000050-Factuur 87217.pdf","87217","2026-03-23","Horeca Groothandel","71286969","8586.52.158 B01","NL84INGB0007527163","FOUR ZIESOUN","Amsterdam","1432","9723","ZAANSE M AYONNAISE 80% 10KG","2","1","2","30.78","","61.56","9","420.08","39.49","459.57","EUR","zaanse_m_ayonnaise_80_10kg","zaanse_m_ayonnaise_80_10kg"
"00000050-Factuur 87217.pdf","87217","2026-03-23","Horeca Groothandel","71286969","8586.52.158 B01","NL84INGB0007527163","FOUR ZIESOUN","Amsterdam","1432","B1003","BRIOCHE HAM . BR. 80 GR 30 ST","9","1","9","13.48","","121.32","9","420.08","39.49","459.57","EUR","brioche_ham_br_80_gr_30_st","brioche_ham_br_80_gr_30_st"
"00000051-Factuur 87247.pdf","87247","2026-03-27","Horeca Groothandel","71286969","8586.52.158 B01","NL84INGB0007527163","FOUR ZIESOUN","Amsterdam","1432","9347","PATAT LAM BW. 18 M M {F 69 }","10","1","10","18.58","","185.8","9","476.9","42.92","519.82","EUR","patat_lam_bw_18_m_m_f_69","patat_lam_bw_18_m_m_f_69"
"00000051-Factuur 87247.pdf","87247","2026-03-27","Horeca Groothandel","71286969","8586.52.158 B01","NL84INGB0007527163","FOUR ZIESOUN","Amsterdam","1432","B1003","BRIOCHE HAM . BR. 80 GR 30 ST","10","1","10","13.48","","134.8","9","476.9","42.92","519.82","EUR","brioche_ham_br_80_gr_30_st","brioche_ham_br_80_gr_30_st"
"00000051-Factuur 87247.pdf","87247","2026-03-27","Horeca Groothandel","71286969","8586.52.158 B01","NL84INGB0007527163","FOUR ZIESOUN","Amsterdam","1432","9342+","FRISIA FRITUUROLIE 10L","3","1","3","18.7","","56.1","9","476.9","42.92","519.82","EUR","frisia_frituurolie_10l","frisia_frituurolie_10l"
"00000051-Factuur 87247.pdf","87247","2026-03-27","Horeca Groothandel","71286969","8586.52.158 B01","NL84INGB0007527163","FOUR ZIESOUN","Amsterdam","1432","1013","FANTA ORANGE 24 X 0.33 CL {D}","3","1","3","12.88","","38.64","9","476.9","42.92","519.82","EUR","fanta_orange_24_x_0_33_cl_d","fanta_orange_24_x_0_33_cl_d"
"00000051-Factuur 87247.pdf","87247","2026-03-27","Horeca Groothandel","71286969","8586.52.158 B01","NL84INGB0007527163","FOUR ZIESOUN","Amsterdam","1432","9723","ZAANSE M AYONNAISE 80% 10KG","2","1","2","30.78","","61.56","9","476.9","42.92","519.82","EUR","zaanse_m_ayonnaise_80_10kg","zaanse_m_ayonnaise_80_10kg"
"00000052-Factuur 87216.pdf","87216","2026-03-23","Horeca Groothandel","71286969","8586.52.158 B01","NL84INGB0007527163","CAFE UIT KIJKEN","Amsterdam","1269","9512","SERVETTEN 500 ST 33 CM","10","1","10","0","","0","21","316.02","30.12","346.14","EUR","servetten_500_st_33_cm","servetten_500_st_33_cm"
"00000052-Factuur 87216.pdf","87216","2026-03-23","Horeca Groothandel","71286969","8586.52.158 B01","NL84INGB0007527163","CAFE UIT KIJKEN","Amsterdam","1269","++","","1","1","1","0","","0","9","316.02","30.12","346.14","EUR","unknown_product","unknown_product"
"00000052-Factuur 87216.pdf","87216","2026-03-23","Horeca Groothandel","71286969","8586.52.158 B01","NL84INGB0007527163","CAFE UIT KIJKEN","Amsterdam","1269","23-3-2026","","1","1","1","0","","0","9","316.02","30.12","346.14","EUR","unknown_product","unknown_product"
"00000052-Factuur 87216.pdf","87216","2026-03-23","Horeca Groothandel","71286969","8586.52.158 B01","NL84INGB0007527163","CAFE UIT KIJKEN","Amsterdam","1269","9347","PATAT LAM BW. 18 M M {F 69 }","9","1","9","18.58","","167.22","9","316.02","30.12","346.14","EUR","patat_lam_bw_18_m_m_f_69","patat_lam_bw_18_m_m_f_69"
"00000052-Factuur 87216.pdf","87216","2026-03-23","Horeca Groothandel","71286969","8586.52.158 B01","NL84INGB0007527163","CAFE UIT KIJKEN","Amsterdam","1269","B1003","BRIOCHE HAM . BR. 80 GR 30 ST","10","1","10","13.48","","134.8","9","316.02","30.12","346.14","EUR","brioche_ham_br_80_gr_30_st","brioche_ham_br_80_gr_30_st"
"00000052-Factuur 87216.pdf","87216","2026-03-23","Horeca Groothandel","71286969","8586.52.158 B01","NL84INGB0007527163","CAFE UIT KIJKEN","Amsterdam","1269","9500+","TORK ROL 6 ST HOOG WIT","1","1","1","14","","14","21","316.02","30.12","346.14","EUR","tork_rol_6_st_hoog_wit","tork_rol_6_st_hoog_wit"
"00000053-Factuur 87210.pdf","87210","2026-03-20","Horeca Groothandel","71286969","8586.52.158 B01","NL84INGB0007527163","CAFE UIT KIJKEN","Amsterdam","1269","17700","COCA COLA KRAT 24 X 0.20 CL","5","1","5","13.59","5","67.95","9","828.95","103.37","936.32","EUR","coca_cola_krat_24_x_0_20_cl","coca_cola_krat_24_x_0_20_cl"
"00000053-Factuur 87210.pdf","87210","2026-03-20","Horeca Groothandel","71286969","8586.52.158 B01","NL84INGB0007527163","CAFE UIT KIJKEN","Amsterdam","1269","17744","COCA COLA ZERO KRAT 24 X 0.20","2","1","2","13.59","5","27.18","9","828.95","103.37","936.32","EUR","coca_cola_zero_krat_24_x_0_20","coca_cola_zero_krat_24_x_0_20"
"00000053-Factuur 87210.pdf","87210","2026-03-20","Horeca Groothandel","71286969","8586.52.158 B01","NL84INGB0007527163","CAFE UIT KIJKEN","Amsterdam","1269","4211","CHAUDFONTIANE BLAUW 24 X","2","1","2","8.88","5","17.76","9","828.95","103.37","936.32","EUR","chaudfontiane_blauw_24_x","chaudfontiane_blauw_24_x"
"00000053-Factuur 87210.pdf","87210","2026-03-20","Horeca Groothandel","71286969","8586.52.158 B01","NL84INGB0007527163","CAFE UIT KIJKEN","Amsterdam","1269","4220","CHAUDFONTIANE ROOD 24 X 25","1","1","1","8.88","5","8.88","9","828.95","103.37","936.32","EUR","chaudfontiane_rood_24_x_25","chaudfontiane_rood_24_x_25"
"00000053-Factuur 87210.pdf","87210","2026-03-20","Horeca Groothandel","71286969","8586.52.158 B01","NL84INGB0007527163","CAFE UIT KIJKEN","Amsterdam","1269","2058","APPLE BANDIT KRAT 24 X 30 CL","1","1","1","23.4","3.9","23.4","21","828.95","103.37","936.32","EUR","apple_bandit_krat_24_x_30_cl","apple_bandit_krat_24_x_30_cl"
"00000053-Factuur 87210.pdf","87210","2026-03-20","Horeca Groothandel","71286969","8586.52.158 B01","NL84INGB0007527163","CAFE UIT KIJKEN","Amsterdam","1269","2061","HEINEKEN BIER DAVID SE. 20 LT","2","1","2","61","30","122","21","828.95","103.37","936.32","EUR","heineken_bier_david_se_20_lt","heineken_bier_david_se_20_lt"
"00000053-Factuur 87210.pdf","87210","2026-03-20","Horeca Groothandel","71286969","8586.52.158 B01","NL84INGB0007527163","CAFE UIT KIJKEN","Amsterdam","1269","9342+","FRISIA FRITUUROLIE 10L","3","1","3","18.7","","56.1","9","828.95","103.37","936.32","EUR","frisia_frituurolie_10l","frisia_frituurolie_10l"
"00000053-Factuur 87210.pdf","87210","2026-03-20","Horeca Groothandel","71286969","8586.52.158 B01","NL84INGB0007527163","CAFE UIT KIJKEN","Amsterdam","1269","B1003","BRIOCHE HAM . BR. 80 GR 30 ST","10","1","10","13.48","","134.8","9","828.95","103.37","936.32","EUR","brioche_ham_br_80_gr_30_st","brioche_ham_br_80_gr_30_st"
"00000053-Factuur 87210.pdf","87210","2026-03-20","Horeca Groothandel","71286969","8586.52.158 B01","NL84INGB0007527163","CAFE UIT KIJKEN","Amsterdam","1269","220069","DRINKRIETJE PAPIER 100 st. 6mm/","5","1","5","1.69","","8.45","21","828.95","103.37","936.32","EUR","drinkrietje_papier_100_st_6mm","drinkrietje_papier_100_st_6mm"
"00000053-Factuur 87210.pdf","87210","2026-03-20","Horeca Groothandel","71286969","8586.52.158 B01","NL84INGB0007527163","CAFE UIT KIJKEN","Amsterdam","1269","9512","SERVETTEN 500 ST 33 CM","10","1","10","3","","30","21","828.95","103.37","936.32","EUR","servetten_500_st_33_cm","servetten_500_st_33_cm"
"00000053-Factuur 87210.pdf","87210","2026-03-20","Horeca Groothandel","71286969","8586.52.158 B01","NL84INGB0007527163","CAFE UIT KIJKEN","Amsterdam","1269","9347","PATAT LAM BW. 18 M M {F 69 }","5","1","5","18.58","","92.9","9","828.95","103.37","936.32","EUR","patat_lam_bw_18_m_m_f_69","patat_lam_bw_18_m_m_f_69"
"00000053-Factuur 87210.pdf","87210","2026-03-20","Horeca Groothandel","71286969","8586.52.158 B01","NL84INGB0007527163","CAFE UIT KIJKEN","Amsterdam","1269","01 -4","Embalage 0.20 x 24 {0.20 x 28}","1","1","-4","0","5","0","","828.95","103.37","936.32","EUR","embalage_0_20_x_24_0_20_x_28","embalage_0_20_x_24_0_20_x_28"
"00000053-Factuur 87210.pdf","87210","2026-03-20","Horeca Groothandel","71286969","8586.52.158 B01","NL84INGB0007527163","CAFE UIT KIJKEN","Amsterdam","1269","02 -2","Embalage 0.30 x 24{0.50 x 18}","1","1","-2","0","3.9","0","","828.95","103.37","936.32","EUR","embalage_0_30_x_24_0_50_x_18","embalage_0_30_x_24_0_50_x_18"
"00000053-Factuur 87210.pdf","87210","2026-03-20","Horeca Groothandel","71286969","8586.52.158 B01","NL84INGB0007527163","CAFE UIT KIJKEN","Amsterdam","1269","03 -2","Embalage vust bier","1","1","-2","0","30","0","","828.95","103.37","936.32","EUR","embalage_vust_bier","embalage_vust_bier"
"00000053-Factuur 87210.pdf","87210","2026-03-20","Horeca Groothandel","71286969","8586.52.158 B01","NL84INGB0007527163","CAFE UIT KIJKEN","Amsterdam","1269","2060+","M ORETTI BIRRA 20 LT","2","1","2","62.48","30","124.96","21","828.95","103.37","936.32","EUR","m_oretti_birra_20_lt","m_oretti_birra_20_lt"
"00000053-Factuur 87210.pdf","87210","2026-03-20","Horeca Groothandel","71286969","8586.52.158 B01","NL84INGB0007527163","CAFE UIT KIJKEN","Amsterdam","1269","4211","CHAUDFONTIANE BLAUW 24 X","1","1","1","8.88","5","8.88","9","828.95","103.37","936.32","EUR","chaudfontiane_blauw_24_x","chaudfontiane_blauw_24_x"
"00000053-Factuur 87210.pdf","87210","2026-03-20","Horeca Groothandel","71286969","8586.52.158 B01","NL84INGB0007527163","CAFE UIT KIJKEN","Amsterdam","1269","17744","COCA COLA ZERO KRAT 24 X 0.20","1","1","1","13.59","5","13.59","9","828.95","103.37","936.32","EUR","coca_cola_zero_krat_24_x_0_20","coca_cola_zero_krat_24_x_0_20"
"00000054-Factuur 87248.pdf","87248","2026-03-27","Horeca Groothandel","71286969","8586.52.158 B01","NL 84 INGB 0007527163","CAFE UIT KIJKEN","Amsterdam","1269","9727","TRUFFEL M AYO 2.50 KG","1","1","1","16.6","","16.6","9","866.55","105.65","972.2","EUR","truffel_m_ayo_2_50_kg","truffel_m_ayo_2_50_kg"
"00000054-Factuur 87248.pdf","87248","2026-03-27","Horeca Groothandel","71286969","8586.52.158 B01","NL 84 INGB 0007527163","CAFE UIT KIJKEN","Amsterdam","1269","9347","PATAT LAM BW. 18 M M {F 69 }","8","1","8","18.58","","148.64","9","866.55","105.65","972.2","EUR","patat_lam_bw_18_m_m_f_69","patat_lam_bw_18_m_m_f_69"
"00000054-Factuur 87248.pdf","87248","2026-03-27","Horeca Groothandel","71286969","8586.52.158 B01","NL 84 INGB 0007527163","CAFE UIT KIJKEN","Amsterdam","1269","B1003","BRIOCHE HAM . BR. 80 GR 30 ST","9","1","9","13.48","","121.32","9","866.55","105.65","972.2","EUR","brioche_ham_br_80_gr_30_st","brioche_ham_br_80_gr_30_st"
"00000054-Factuur 87248.pdf","87248","2026-03-27","Horeca Groothandel","71286969","8586.52.158 B01","NL 84 INGB 0007527163","CAFE UIT KIJKEN","Amsterdam","1269","06123","SLAGROOM SPUITBUS","1","1","1","8.64","","8.64","9","866.55","105.65","972.2","EUR","slagroom_spuitbus","slagroom_spuitbus"
"00000054-Factuur 87248.pdf","87248","2026-03-27","Horeca Groothandel","71286969","8586.52.158 B01","NL 84 INGB 0007527163","CAFE UIT KIJKEN","Amsterdam","1269","9336+-","NAARM AN HOUDBAAR M ELK12","1","1","1","14.8","","14.8","9","866.55","105.65","972.2","EUR","naarm_an_houdbaar_m_elk12","naarm_an_houdbaar_m_elk12"
"00000054-Factuur 87248.pdf","87248","2026-03-27","Horeca Groothandel","71286969","8586.52.158 B01","NL 84 INGB 0007527163","CAFE UIT KIJKEN","Amsterdam","1269","2061","HEINEKEN BIER DAVID SE. 20 LT","2","1","2","61","30","60","21","866.55","105.65","972.2","EUR","heineken_bier_david_se_20_lt","heineken_bier_david_se_20_lt"
"00000054-Factuur 87248.pdf","87248","2026-03-27","Horeca Groothandel","71286969","8586.52.158 B01","NL 84 INGB 0007527163","CAFE UIT KIJKEN","Amsterdam","1269","2060+","M ORETTI BIRRA 20 LT","1","1","1","63","30","30","21","866.55","105.65","972.2","EUR","m_oretti_birra_20_lt","m_oretti_birra_20_lt"
"00000054-Factuur 87248.pdf","87248","2026-03-27","Horeca Groothandel","71286969","8586.52.158 B01","NL 84 INGB 0007527163","CAFE UIT KIJKEN","Amsterdam","1269","9342+","FRISIA FRITUUROLIE 10L","2","1","2","18.7","","37.4","9","866.55","105.65","972.2","EUR","frisia_frituurolie_10l","frisia_frituurolie_10l"
"00000054-Factuur 87248.pdf","87248","2026-03-27","Horeca Groothandel","71286969","8586.52.158 B01","NL 84 INGB 0007527163","CAFE UIT KIJKEN","Amsterdam","1269","17700","COCA COLA KRAT 24 X 0.20 CL","6","1","6","13.59","5","30","9","866.55","105.65","972.2","EUR","coca_cola_krat_24_x_0_20_cl","coca_cola_krat_24_x_0_20_cl"
"00000054-Factuur 87248.pdf","87248","2026-03-27","Horeca Groothandel","71286969","8586.52.158 B01","NL 84 INGB 0007527163","CAFE UIT KIJKEN","Amsterdam","1269","17744","COCA COLA ZERO KRAT 24 X 0.20","4","1","4","13.59","5","20","9","866.55","105.65","972.2","EUR","coca_cola_zero_krat_24_x_0_20","coca_cola_zero_krat_24_x_0_20"
"00000054-Factuur 87248.pdf","87248","2026-03-27","Horeca Groothandel","71286969","8586.52.158 B01","NL 84 INGB 0007527163","CAFE UIT KIJKEN","Amsterdam","1269","17733","FANTA ORANGE 24 X 0.20 CL","1","1","1","13.89","5","5","9","866.55","105.65","972.2","EUR","fanta_orange_24_x_0_20_cl","fanta_orange_24_x_0_20_cl"
"00000054-Factuur 87248.pdf","87248","2026-03-27","Horeca Groothandel","71286969","8586.52.158 B01","NL 84 INGB 0007527163","CAFE UIT KIJKEN","Amsterdam","1269","4211","CHAUDFONTIANE BLAUW 24 X","3","1","3","8.88","5","15","9","866.55","105.65","972.2","EUR","chaudfontiane_blauw_24_x","chaudfontiane_blauw_24_x"
"00000054-Factuur 87248.pdf","87248","2026-03-27","Horeca Groothandel","71286969","8586.52.158 B01","NL 84 INGB 0007527163","CAFE UIT KIJKEN","Amsterdam","1269","4220","CHAUDFONTIANE ROOD 24 X 25","1","1","1","8.88","5","5","9","866.55","105.65","972.2","EUR","chaudfontiane_rood_24_x_25","chaudfontiane_rood_24_x_25"
"00000054-Factuur 87248.pdf","87248","2026-03-27","Horeca Groothandel","71286969","8586.52.158 B01","NL 84 INGB 0007527163","CAFE UIT KIJKEN","Amsterdam","1269","17702","FUZETEA GREEN 24 X 0.20 CL","2","1","2","15.86","5","10","9","866.55","105.65","972.2","EUR","fuzetea_green_24_x_0_20_cl","fuzetea_green_24_x_0_20_cl"
"00000054-Factuur 87248.pdf","87248","2026-03-27","Horeca Groothandel","71286969","8586.52.158 B01","NL 84 INGB 0007527163","CAFE UIT KIJKEN","Amsterdam","1269","17703","FUZETEA PEACH 24 X 0.20 CL","2","1","2","15.86","5","10","9","866.55","105.65","972.2","EUR","fuzetea_peach_24_x_0_20_cl","fuzetea_peach_24_x_0_20_cl"
"00000054-Factuur 87248.pdf","87248","2026-03-27","Horeca Groothandel","71286969","8586.52.158 B01","NL 84 INGB 0007527163","CAFE UIT KIJKEN","Amsterdam","1269","3030","AM STEL BIER 24 X 0.30 FL.","1","1","1","17.4","3.9","3.9","21","866.55","105.65","972.2","EUR","am_stel_bier_24_x_0_30_fl","am_stel_bier_24_x_0_30_fl"
"00000054-Factuur 87248.pdf","87248","2026-03-27","Horeca Groothandel","71286969","8586.52.158 B01","NL 84 INGB 0007527163","CAFE UIT KIJKEN","Amsterdam","1269","3077","BIRRA PERONI NASTRO","1","1","1","21.8","3.9","3.9","21","866.55","105.65","972.2","EUR","birra_peroni_nastro","birra_peroni_nastro"
"00000054-Factuur 87248.pdf","87248","2026-03-27","Horeca Groothandel","71286969","8586.52.158 B01","NL 84 INGB 0007527163","CAFE UIT KIJKEN","Amsterdam","1269","2058","APPLE BANDIT KRAT 24 X 30 CL","1","1","1","23.4","3.9","3.9","21","866.55","105.65","972.2","EUR","apple_bandit_krat_24_x_30_cl","apple_bandit_krat_24_x_30_cl"
"00000054-Factuur 87248.pdf","87248","2026-03-27","Horeca Groothandel","71286969","8586.52.158 B01","NL 84 INGB 0007527163","CAFE UIT KIJKEN","Amsterdam","1269","02 -1","Embalage 0.30 x 24{0.50 x 18}","1","-1","","0","3.9","-3.9","3.9","866.55","105.65","972.2","EUR","embalage_0_30_x_24_0_50_x_18","embalage_0_30_x_24_0_50_x_18"
"00000054-Factuur 87248.pdf","87248","2026-03-27","Horeca Groothandel","71286969","8586.52.158 B01","NL 84 INGB 0007527163","CAFE UIT KIJKEN","Amsterdam","1269","03 -4","Embalage vust bier","1","-4","","0","30","-120","30","866.55","105.65","972.2","EUR","embalage_vust_bier","embalage_vust_bier"
"00000054-Factuur 87248.pdf","87248","2026-03-27","Horeca Groothandel","71286969","8586.52.158 B01","NL 84 INGB 0007527163","CAFE UIT KIJKEN","Amsterdam","1269","01 -10","Embalage 0.20 x 24 {0.20 x 28}","1","-10","","0","5","-50","5","866.55","105.65","972.2","EUR","embalage_0_20_x_24_0_20_x_28","embalage_0_20_x_24_0_20_x_28"
"00000055-Factuur 87133.pdf","87133","2026-03-09","Horeca Groothandel","71286969","8586.52.158 B01","NL84INGB0007527163","FOUR ZIESOUN","Amsterdam","1432","9347","PATAT LAM BW. 18 M M {F 69 }","4","1","4","18.58","","74.32","9","455.14","52.17","507.01","EUR","patat_lam_bw_18_m_m_f_69","patat_lam_bw_18_m_m_f_69"
"00000055-Factuur 87133.pdf","87133","2026-03-09","Horeca Groothandel","71286969","8586.52.158 B01","NL84INGB0007527163","FOUR ZIESOUN","Amsterdam","1432","B1003","BRIOCHE HAM . BR. 80 GR 30 ST","8","1","8","13.48","","107.84","9","455.14","52.17","507.01","EUR","brioche_ham_br_80_gr_30_st","brioche_ham_br_80_gr_30_st"
"00000055-Factuur 87133.pdf","87133","2026-03-09","Horeca Groothandel","71286969","8586.52.158 B01","NL84INGB0007527163","FOUR ZIESOUN","Amsterdam","1432","1350","SPA BLAUW 24 X 0.50 CL","2","1","2","11","3.6","7.2","9","455.14","52.17","507.01","EUR","spa_blauw_24_x_0_50_cl","spa_blauw_24_x_0_50_cl"
"00000055-Factuur 87133.pdf","87133","2026-03-09","Horeca Groothandel","71286969","8586.52.158 B01","NL84INGB0007527163","FOUR ZIESOUN","Amsterdam","1432","9512","SERVETTEN 500 ST 33 CM","10","1","10","3","","30","21","455.14","52.17","507.01","EUR","servetten_500_st_33_cm","servetten_500_st_33_cm"
"00000055-Factuur 87133.pdf","87133","2026-03-09","Horeca Groothandel","71286969","8586.52.158 B01","NL84INGB0007527163","FOUR ZIESOUN","Amsterdam","1432","9500+","TORK ROL 6 ST HOOG WIT","1","1","1","14","","14","21","455.14","52.17","507.01","EUR","tork_rol_6_st_hoog_wit","tork_rol_6_st_hoog_wit"
"00000055-Factuur 87133.pdf","87133","2026-03-09","Horeca Groothandel","71286969","8586.52.158 B01","NL84INGB0007527163","FOUR ZIESOUN","Amsterdam","1432","155197","HANDSCHOENEN { L} ZWAART","10","1","10","5.5","","55","21","455.14","52.17","507.01","EUR","handschoenen_l_zwaart","handschoenen_l_zwaart"
"00000055-Factuur 87133.pdf","87133","2026-03-09","Horeca Groothandel","71286969","8586.52.158 B01","NL84INGB0007527163","FOUR ZIESOUN","Amsterdam","1432","1134","LIPTON ICE TEA PEACH 24 X 0.33","2","1","2","16.5","","33","9","455.14","52.17","507.01","EUR","lipton_ice_tea_peach_24_x_0_33","lipton_ice_tea_peach_24_x_0_33"
"00000055-Factuur 87133.pdf","87133","2026-03-09","Horeca Groothandel","71286969","8586.52.158 B01","NL84INGB0007527163","FOUR ZIESOUN","Amsterdam","1432","++","","1","1","1","0","","0","9","455.14","52.17","507.01","EUR","unknown_product","unknown_product"
"00000055-Factuur 87133.pdf","87133","2026-03-09","Horeca Groothandel","71286969","8586.52.158 B01","NL84INGB0007527163","FOUR ZIESOUN","Amsterdam","1432","++","","1","1","1","0","","0","9","455.14","52.17","507.01","EUR","unknown_product","unknown_product"
"00000055-Factuur 87133.pdf","87133","2026-03-09","Horeca Groothandel","71286969","8586.52.158 B01","NL84INGB0007527163","FOUR ZIESOUN","Amsterdam","1432","11-3-2026","","1","1","1","0","","0","9","455.14","52.17","507.01","EUR","unknown_product","unknown_product"
"00000055-Factuur 87133.pdf","87133","2026-03-09","Horeca Groothandel","71286969","8586.52.158 B01","NL84INGB0007527163","FOUR ZIESOUN","Amsterdam","1432","9347","PATAT LAM BW. 18 M M {F 69 }","6","1","6","18.58","","111.48","9","455.14","52.17","507.01","EUR","patat_lam_bw_18_m_m_f_69","patat_lam_bw_18_m_m_f_69"
"00000056-Factuur 87154.pdf","87154","2026-03-13","Horeca Groothandel","71286969","8586.52.158 B01","NL84INGB0007527163","FOUR ZIESOUN","Amsterdam","1432","1015","COCA COLA ZERO 24 X 0.33 CL B","3","1","3","12.88","","38.64","9","185.36","16.68","209.24","EUR","coca_cola_zero_24_x_0_33_cl_b","coca_cola_zero_24_x_0_33_cl_b"
"00000056-Factuur 87154.pdf","87154","2026-03-13","Horeca Groothandel","71286969","8586.52.158 B01","NL84INGB0007527163","FOUR ZIESOUN","Amsterdam","1432","1010","COCA COLA 24 X 0.33 CL {D}","2","1","2","12.88","","25.76","9","185.36","16.68","209.24","EUR","coca_cola_24_x_0_33_cl_d","coca_cola_24_x_0_33_cl_d"
"00000056-Factuur 87154.pdf","87154","2026-03-13","Horeca Groothandel","71286969","8586.52.158 B01","NL84INGB0007527163","FOUR ZIESOUN","Amsterdam","1432","1350","SPA BLAUW 24 X 0.50 CL","2","1","2","11","3.6","7.2","9","185.36","16.68","209.24","EUR","spa_blauw_24_x_0_50_cl","spa_blauw_24_x_0_50_cl"
"00000056-Factuur 87154.pdf","87154","2026-03-13","Horeca Groothandel","71286969","8586.52.158 B01","NL84INGB0007527163","FOUR ZIESOUN","Amsterdam","1432","9723","ZAANSE M AYONNAISE 80% 10KG","2","1","2","30.78","","61.56","9","185.36","16.68","209.24","EUR","zaanse_m_ayonnaise_80_10kg","zaanse_m_ayonnaise_80_10kg"
"00000056-Factuur 87154.pdf","87154","2026-03-13","Horeca Groothandel","71286969","8586.52.158 B01","NL84INGB0007527163","FOUR ZIESOUN","Amsterdam","1432","9342+","FRISIA FRITUUROLIE 10L","2","1","2","18.7","","37.4","9","185.36","16.68","209.24","EUR","frisia_frituurolie_10l","frisia_frituurolie_10l"
"00000057-Factuur 87172.pdf","87172","2026-03-14","Horeca Groothandel","71286969","8586.52.158 B01","NL84INGB0007527163","FOUR ZIESOUN","Amsterdam","1432","1015","COCA COLA ZERO 24 X 0.33 CL B","4","1","4","12.88","","51.52","9","379.82","35.86","415.68","EUR","coca_cola_zero_24_x_0_33_cl_b","coca_cola_zero_24_x_0_33_cl_b"
"00000057-Factuur 87172.pdf","87172","2026-03-14","Horeca Groothandel","71286969","8586.52.158 B01","NL84INGB0007527163","FOUR ZIESOUN","Amsterdam","1432","1013","FANTA ORANGE 24 X 0.33 CL {D}","2","1","2","12.88","","25.76","9","379.82","35.86","415.68","EUR","fanta_orange_24_x_0_33_cl_d","fanta_orange_24_x_0_33_cl_d"
"00000057-Factuur 87172.pdf","87172","2026-03-14","Horeca Groothandel","71286969","8586.52.158 B01","NL84INGB0007527163","FOUR ZIESOUN","Amsterdam","1432","B1003","BRIOCHE HAM . BR. 80 GR 30 ST","9","1","9","13.48","","121.32","9","379.82","35.86","415.68","EUR","brioche_ham_br_80_gr_30_st","brioche_ham_br_80_gr_30_st"
"00000057-Factuur 87172.pdf","87172","2026-03-14","Horeca Groothandel","71286969","8586.52.158 B01","NL84INGB0007527163","FOUR ZIESOUN","Amsterdam","1432","9500+","TORK ROL 6 ST HOOG WIT","1","1","1","14","","14","21","379.82","35.86","415.68","EUR","tork_rol_6_st_hoog_wit","tork_rol_6_st_hoog_wit"
"00000057-Factuur 87172.pdf","87172","2026-03-14","Horeca Groothandel","71286969","8586.52.158 B01","NL84INGB0007527163","FOUR ZIESOUN","Amsterdam","1432","9347","PATAT LAM BW. 18 M M {F 69 }","9","1","9","18.58","","167.22","9","379.82","35.86","415.68","EUR","patat_lam_bw_18_m_m_f_69","patat_lam_bw_18_m_m_f_69"
"00000058-Factuur 87171.pdf","87171","2026-03-14","Horeca Groothandel","71286969","8586.52.158 B01","NL 84 INGB 0007527163","CAFE UIT KIJKEN","Amsterdam","1269","B1003","BRIOCHE HAM . BR. 80 GR 30 ST","10","1","10","13.48","","134.8","9","204.54","20.09","224.63","EUR","brioche_ham_br_80_gr_30_st","brioche_ham_br_80_gr_30_st"
"00000058-Factuur 87171.pdf","87171","2026-03-14","Horeca Groothandel","71286969","8586.52.158 B01","NL 84 INGB 0007527163","CAFE UIT KIJKEN","Amsterdam","1269","9347","PATAT LAM BW. 18 M M {F 69 }","3","1","3","18.58","","55.74","9","204.54","20.09","224.63","EUR","patat_lam_bw_18_m_m_f_69","patat_lam_bw_18_m_m_f_69"
"00000058-Factuur 87171.pdf","87171","2026-03-14","Horeca Groothandel","71286969","8586.52.158 B01","NL 84 INGB 0007527163","CAFE UIT KIJKEN","Amsterdam","1269","9500+","TORK ROL 6 ST HOOG WIT","1","1","1","14","","14","21","204.54","20.09","224.63","EUR","tork_rol_6_st_hoog_wit","tork_rol_6_st_hoog_wit"
"00000059-Factuur 87132.pdf","87132","2026-03-09","Horeca Groothandel","71286969","8586.52.158 B01","NL84INGB0007527163","CAFE UIT KIJKEN","Amsterdam","1269","B1003","BRIOCHE HAM . BR. 80 GR 30 ST","8","1","8","13.48","","107.84","9","485.79","52","537.79","EUR","brioche_ham_br_80_gr_30_st","brioche_ham_br_80_gr_30_st"
"00000059-Factuur 87132.pdf","87132","2026-03-09","Horeca Groothandel","71286969","8586.52.158 B01","NL84INGB0007527163","CAFE UIT KIJKEN","Amsterdam","1269","9347","PATAT LAM BW. 18 M M {F 69 }","3","1","3","18.58","","55.74","9","485.79","52","537.79","EUR","patat_lam_bw_18_m_m_f_69","patat_lam_bw_18_m_m_f_69"
"00000059-Factuur 87132.pdf","87132","2026-03-09","Horeca Groothandel","71286969","8586.52.158 B01","NL84INGB0007527163","CAFE UIT KIJKEN","Amsterdam","1269","9723","ZAANSE M AYONNAISE 80% 10KG","2","1","2","30.78","","61.56","9","485.79","52","537.79","EUR","zaanse_m_ayonnaise_80_10kg","zaanse_m_ayonnaise_80_10kg"
"00000059-Factuur 87132.pdf","87132","2026-03-09","Horeca Groothandel","71286969","8586.52.158 B01","NL84INGB0007527163","CAFE UIT KIJKEN","Amsterdam","1269","9342+","FRISIA FRITUUROLIE 10L","2","1","2","18.7","","37.4","9","485.79","52","537.79","EUR","frisia_frituurolie_10l","frisia_frituurolie_10l"
"00000059-Factuur 87132.pdf","87132","2026-03-09","Horeca Groothandel","71286969","8586.52.158 B01","NL84INGB0007527163","CAFE UIT KIJKEN","Amsterdam","1269","9758","LEVO TOM ATEN KETCHUP 10 KG","1","1","1","24.19","","24.19","9","485.79","52","537.79","EUR","levo_tom_aten_ketchup_10_kg","levo_tom_aten_ketchup_10_kg"
"00000059-Factuur 87132.pdf","87132","2026-03-09","Horeca Groothandel","71286969","8586.52.158 B01","NL84INGB0007527163","CAFE UIT KIJKEN","Amsterdam","1269","155197","HANDSCHOENEN { XL} ZWAART","10","1","10","5.5","","55","21","485.79","52","537.79","EUR","handschoenen_xl_zwaart","handschoenen_xl_zwaart"
"00000059-Factuur 87132.pdf","87132","2026-03-09","Horeca Groothandel","71286969","8586.52.158 B01","NL84INGB0007527163","CAFE UIT KIJKEN","Amsterdam","1269","9500+","TORK ROL 6 ST HOOG WIT","1","1","1","14","","14","21","485.79","52","537.79","EUR","tork_rol_6_st_hoog_wit","tork_rol_6_st_hoog_wit"
"00000059-Factuur 87132.pdf","87132","2026-03-09","Horeca Groothandel","71286969","8586.52.158 B01","NL84INGB0007527163","CAFE UIT KIJKEN","Amsterdam","1269","++","11-3-2026","1","1","1","0","","0","9","485.79","52","537.79","EUR","11_3_2026","11_3_2026"
"00000059-Factuur 87132.pdf","87132","2026-03-09","Horeca Groothandel","71286969","8586.52.158 B01","NL84INGB0007527163","CAFE UIT KIJKEN","Amsterdam","1269","9347","PATAT LAM BW. 18 M M {F 69 }","7","1","7","18.58","","130.06","9","485.79","52","537.79","EUR","patat_lam_bw_18_m_m_f_69","patat_lam_bw_18_m_m_f_69"
"00000060-Factuur 87184.pdf","87184","2026-03-17","Horeca Groothandel","71286969","8586.52.158 B01","NL84INGB0007527163","FOUR ZIESOUN","Amsterdam","1432","9347","PATAT LAM BW. 18 M M {F 69 }","5","1","5","18.58","","92.9","9","394.06","35.47","440.33","EUR","patat_lam_bw_18_m_m_f_69","patat_lam_bw_18_m_m_f_69"
"00000060-Factuur 87184.pdf","87184","2026-03-17","Horeca Groothandel","71286969","8586.52.158 B01","NL84INGB0007527163","FOUR ZIESOUN","Amsterdam","1432","B1003","BRIOCHE HAM . BR. 80 GR 30 ST","5","1","5","13.48","","67.4","9","394.06","35.47","440.33","EUR","brioche_ham_br_80_gr_30_st","brioche_ham_br_80_gr_30_st"
"00000060-Factuur 87184.pdf","87184","2026-03-17","Horeca Groothandel","71286969","8586.52.158 B01","NL84INGB0007527163","FOUR ZIESOUN","Amsterdam","1432","1350","SPA BLAUW 24 X 0.50 CL","3","1","3","11","3.6","10.8","9","394.06","35.47","440.33","EUR","spa_blauw_24_x_0_50_cl","spa_blauw_24_x_0_50_cl"
"00000060-Factuur 87184.pdf","87184","2026-03-17","Horeca Groothandel","71286969","8586.52.158 B01","NL84INGB0007527163","FOUR ZIESOUN","Amsterdam","1432","1015","COCA COLA ZERO 24 X 0.33 CL B","2","1","2","12.88","","25.76","9","394.06","35.47","440.33","EUR","coca_cola_zero_24_x_0_33_cl_b","coca_cola_zero_24_x_0_33_cl_b"
"00000060-Factuur 87184.pdf","87184","2026-03-17","Horeca Groothandel","71286969","8586.52.158 B01","NL84INGB0007527163","FOUR ZIESOUN","Amsterdam","1432","1010","COCA COLA 24 X 0.33 CL {D}","3","1","3","12.88","","38.64","9","394.06","35.47","440.33","EUR","coca_cola_24_x_0_33_cl_d","coca_cola_24_x_0_33_cl_d"
"00000060-Factuur 87184.pdf","87184","2026-03-17","Horeca Groothandel","71286969","8586.52.158 B01","NL84INGB0007527163","FOUR ZIESOUN","Amsterdam","1432","9342+","FRISIA FRITUUROLIE 10L","4","1","4","18.7","","74.8","9","394.06","35.47","440.33","EUR","frisia_frituurolie_10l","frisia_frituurolie_10l"
"00000060-Factuur 87184.pdf","87184","2026-03-17","Horeca Groothandel","71286969","8586.52.158 B01","NL84INGB0007527163","FOUR ZIESOUN","Amsterdam","1432","9723","ZAANSE M AYONNAISE 80% 10KG","2","1","2","30.78","","61.56","9","394.06","35.47","440.33","EUR","zaanse_m_ayonnaise_80_10kg","zaanse_m_ayonnaise_80_10kg"
"00000061-Factuur 87185.pdf","87185","2026-03-17","Horeca Groothandel","71286969","8586.52.158 B01","NL84INGB0007527163","CAFE UIT KIJKEN","Amsterdam","1269","5449","M INUTE M AID ORANGE 24 X 0.20","2","1","2","17.87","10","35.74","9","231.85","20.87","239.92","EUR","m_inute_m_aid_orange_24_x_0_20","m_inute_m_aid_orange_24_x_0_20"
"00000061-Factuur 87185.pdf","87185","2026-03-17","Horeca Groothandel","71286969","8586.52.158 B01","NL84INGB0007527163","CAFE UIT KIJKEN","Amsterdam","1269","00002","M INUTE M AID APPEL 24 X 0.20 CL","1","1","1","17.23","5","17.23","9","231.85","20.87","239.92","EUR","m_inute_m_aid_appel_24_x_0_20_cl","m_inute_m_aid_appel_24_x_0_20_cl"
"00000061-Factuur 87185.pdf","87185","2026-03-17","Horeca Groothandel","71286969","8586.52.158 B01","NL84INGB0007527163","CAFE UIT KIJKEN","Amsterdam","1269","9347","PATAT LAM BW. 18 M M {F 69 }","6","1","6","18.58","","111.48","9","231.85","20.87","239.92","EUR","patat_lam_bw_18_m_m_f_69","patat_lam_bw_18_m_m_f_69"
"00000061-Factuur 87185.pdf","87185","2026-03-17","Horeca Groothandel","71286969","8586.52.158 B01","NL84INGB0007527163","CAFE UIT KIJKEN","Amsterdam","1269","B1003","BRIOCHE HAM . BR. 80 GR 30 ST","5","1","5","13.48","","67.4","9","231.85","20.87","239.92","EUR","brioche_ham_br_80_gr_30_st","brioche_ham_br_80_gr_30_st"
"00000061-Factuur 87185.pdf","87185","2026-03-17","Horeca Groothandel","71286969","8586.52.158 B01","NL84INGB0007527163","CAFE UIT KIJKEN","Amsterdam","1269","01 -4","Embalage 0.20 x 24 {0.20 x 28}","1","1","-4","0","-20","0","","231.85","20.87","239.92","EUR","embalage_0_20_x_24_0_20_x_28","embalage_0_20_x_24_0_20_x_28"
"00000061-Factuur 87185.pdf","87185","2026-03-17","Horeca Groothandel","71286969","8586.52.158 B01","NL84INGB0007527163","CAFE UIT KIJKEN","Amsterdam","1269","02 -2","Embalage 0.30 x 24{0.50 x 18}","1","1","-2","0","-7.8","0","","231.85","20.87","239.92","EUR","embalage_0_30_x_24_0_50_x_18","embalage_0_30_x_24_0_50_x_18"
"00000062-Factuur 87184.pdf","87184","2026-03-17","Horeca Groothandel","71286969","8586.52.158 B01","NL 84 INGB 0007527163","FOUR ZIESOUN","Amsterdam","1432","9347","PATAT LAM BW. 18 M M {F 69 }","5","1","5","18.58","","92.9","9","394.06","35.47","440.33","EUR","patat_lam_bw_18_m_m_f_69","patat_lam_bw_18_m_m_f_69"
"00000062-Factuur 87184.pdf","87184","2026-03-17","Horeca Groothandel","71286969","8586.52.158 B01","NL 84 INGB 0007527163","FOUR ZIESOUN","Amsterdam","1432","B1003","BRIOCHE HAM . BR. 80 GR 30 ST","5","1","5","13.48","","67.4","9","394.06","35.47","440.33","EUR","brioche_ham_br_80_gr_30_st","brioche_ham_br_80_gr_30_st"
"00000062-Factuur 87184.pdf","87184","2026-03-17","Horeca Groothandel","71286969","8586.52.158 B01","NL 84 INGB 0007527163","FOUR ZIESOUN","Amsterdam","1432","1350","SPA BLAUW 24 X 0.50 CL","3","1","3","11","3.6","10.8","9","394.06","35.47","440.33","EUR","spa_blauw_24_x_0_50_cl","spa_blauw_24_x_0_50_cl"
"00000062-Factuur 87184.pdf","87184","2026-03-17","Horeca Groothandel","71286969","8586.52.158 B01","NL 84 INGB 0007527163","FOUR ZIESOUN","Amsterdam","1432","1015","COCA COLA ZERO 24 X 0.33 CL B","2","1","2","12.88","","25.76","9","394.06","35.47","440.33","EUR","coca_cola_zero_24_x_0_33_cl_b","coca_cola_zero_24_x_0_33_cl_b"
"00000062-Factuur 87184.pdf","87184","2026-03-17","Horeca Groothandel","71286969","8586.52.158 B01","NL 84 INGB 0007527163","FOUR ZIESOUN","Amsterdam","1432","1010","COCA COLA 24 X 0.33 CL {D}","3","1","3","12.88","","38.64","9","394.06","35.47","440.33","EUR","coca_cola_24_x_0_33_cl_d","coca_cola_24_x_0_33_cl_d"
"00000062-Factuur 87184.pdf","87184","2026-03-17","Horeca Groothandel","71286969","8586.52.158 B01","NL 84 INGB 0007527163","FOUR ZIESOUN","Amsterdam","1432","9342+","FRISIA FRITUUROLIE 10L","4","1","4","18.7","","74.8","9","394.06","35.47","440.33","EUR","frisia_frituurolie_10l","frisia_frituurolie_10l"
"00000062-Factuur 87184.pdf","87184","2026-03-17","Horeca Groothandel","71286969","8586.52.158 B01","NL 84 INGB 0007527163","FOUR ZIESOUN","Amsterdam","1432","9723","ZAANSE M AYONNAISE 80% 10KG","2","1","2","30.78","","61.56","9","394.06","35.47","440.33","EUR","zaanse_m_ayonnaise_80_10kg","zaanse_m_ayonnaise_80_10kg"
"00000063-Factuur 87185.pdf","87185","2026-03-17","Horeca Groothandel","71286969","8586.52.158 B01","NL84INGB0007527163","CAFE UIT KIJKEN","Amsterdam","1269","5449","M INUTE M AID ORANGE 24 X 0.20","2","1","2","17.87","5","35.74","9","231.85","20.87","239.92","EUR","m_inute_m_aid_orange_24_x_0_20","m_inute_m_aid_orange_24_x_0_20"
"00000063-Factuur 87185.pdf","87185","2026-03-17","Horeca Groothandel","71286969","8586.52.158 B01","NL84INGB0007527163","CAFE UIT KIJKEN","Amsterdam","1269","00002","M INUTE M AID APPEL 24 X 0.20 CL","1","1","1","17.23","5","17.23","9","231.85","20.87","239.92","EUR","m_inute_m_aid_appel_24_x_0_20_cl","m_inute_m_aid_appel_24_x_0_20_cl"
"00000063-Factuur 87185.pdf","87185","2026-03-17","Horeca Groothandel","71286969","8586.52.158 B01","NL84INGB0007527163","CAFE UIT KIJKEN","Amsterdam","1269","9347","PATAT LAM BW. 18 M M {F 69 }","6","1","6","18.58","","111.48","9","231.85","20.87","239.92","EUR","patat_lam_bw_18_m_m_f_69","patat_lam_bw_18_m_m_f_69"
"00000063-Factuur 87185.pdf","87185","2026-03-17","Horeca Groothandel","71286969","8586.52.158 B01","NL84INGB0007527163","CAFE UIT KIJKEN","Amsterdam","1269","B1003","BRIOCHE HAM . BR. 80 GR 30 ST","5","1","5","13.48","","67.4","9","231.85","20.87","239.92","EUR","brioche_ham_br_80_gr_30_st","brioche_ham_br_80_gr_30_st"
"00000063-Factuur 87185.pdf","87185","2026-03-17","Horeca Groothandel","71286969","8586.52.158 B01","NL84INGB0007527163","CAFE UIT KIJKEN","Amsterdam","1269","01 -4","Embalage 0.20 x 24 {0.20 x 28}","1","1","-4","0","5","0","","231.85","20.87","239.92","EUR","embalage_0_20_x_24_0_20_x_28","embalage_0_20_x_24_0_20_x_28"
"00000063-Factuur 87185.pdf","87185","2026-03-17","Horeca Groothandel","71286969","8586.52.158 B01","NL84INGB0007527163","CAFE UIT KIJKEN","Amsterdam","1269","02 -2","Embalage 0.30 x 24{0.50 x 18}","1","1","-2","0","3.9","0","","231.85","20.87","239.92","EUR","embalage_0_30_x_24_0_50_x_18","embalage_0_30_x_24_0_50_x_18"
"00000064-Factuur 87133.pdf","87133","2026-03-09","Horeca Groothandel","71286969","8586.52.158 B01","NL 84 INGB 0007527163","FOUR ZIESOUN","Amsterdam","1432","9347","PATAT LAM BW. 18 M M {F 69 }","4","1","4","18.58","","74.32","9","455.14","52.17","507.01","EUR","patat_lam_bw_18_m_m_f_69","patat_lam_bw_18_m_m_f_69"
"00000064-Factuur 87133.pdf","87133","2026-03-09","Horeca Groothandel","71286969","8586.52.158 B01","NL 84 INGB 0007527163","FOUR ZIESOUN","Amsterdam","1432","B1003","BRIOCHE HAM . BR. 80 GR 30 ST","8","1","8","13.48","","107.84","9","455.14","52.17","507.01","EUR","brioche_ham_br_80_gr_30_st","brioche_ham_br_80_gr_30_st"
"00000064-Factuur 87133.pdf","87133","2026-03-09","Horeca Groothandel","71286969","8586.52.158 B01","NL 84 INGB 0007527163","FOUR ZIESOUN","Amsterdam","1432","1350","SPA BLAUW 24 X 0.50 CL","2","1","2","11","3.6","7.2","9","455.14","52.17","507.01","EUR","spa_blauw_24_x_0_50_cl","spa_blauw_24_x_0_50_cl"
"00000064-Factuur 87133.pdf","87133","2026-03-09","Horeca Groothandel","71286969","8586.52.158 B01","NL 84 INGB 0007527163","FOUR ZIESOUN","Amsterdam","1432","9512","SERVETTEN 500 ST 33 CM","10","1","10","3","","30","21","455.14","52.17","507.01","EUR","servetten_500_st_33_cm","servetten_500_st_33_cm"
"00000064-Factuur 87133.pdf","87133","2026-03-09","Horeca Groothandel","71286969","8586.52.158 B01","NL 84 INGB 0007527163","FOUR ZIESOUN","Amsterdam","1432","9500+","TORK ROL 6 ST HOOG WIT","1","1","1","14","","14","21","455.14","52.17","507.01","EUR","tork_rol_6_st_hoog_wit","tork_rol_6_st_hoog_wit"
"00000064-Factuur 87133.pdf","87133","2026-03-09","Horeca Groothandel","71286969","8586.52.158 B01","NL 84 INGB 0007527163","FOUR ZIESOUN","Amsterdam","1432","155197","HANDSCHOENEN { L} ZWAART","10","1","10","5.5","","55","21","455.14","52.17","507.01","EUR","handschoenen_l_zwaart","handschoenen_l_zwaart"
"00000064-Factuur 87133.pdf","87133","2026-03-09","Horeca Groothandel","71286969","8586.52.158 B01","NL 84 INGB 0007527163","FOUR ZIESOUN","Amsterdam","1432","1134","LIPTON ICE TEA PEACH 24 X 0.33","2","1","2","16.5","","33","9","455.14","52.17","507.01","EUR","lipton_ice_tea_peach_24_x_0_33","lipton_ice_tea_peach_24_x_0_33"
"00000064-Factuur 87133.pdf","87133","2026-03-09","Horeca Groothandel","71286969","8586.52.158 B01","NL 84 INGB 0007527163","FOUR ZIESOUN","Amsterdam","1432","++","++","1","1","1","0","","0","9","455.14","52.17","507.01","EUR","",""
"00000064-Factuur 87133.pdf","87133","2026-03-09","Horeca Groothandel","71286969","8586.52.158 B01","NL 84 INGB 0007527163","FOUR ZIESOUN","Amsterdam","1432","++","++","1","1","1","0","","0","9","455.14","52.17","507.01","EUR","",""
"00000064-Factuur 87133.pdf","87133","2026-03-09","Horeca Groothandel","71286969","8586.52.158 B01","NL 84 INGB 0007527163","FOUR ZIESOUN","Amsterdam","1432","11-3-2026","11-3-2026","1","1","1","0","","0","9","455.14","52.17","507.01","EUR","11_3_2026","11_3_2026"
"00000064-Factuur 87133.pdf","87133","2026-03-09","Horeca Groothandel","71286969","8586.52.158 B01","NL 84 INGB 0007527163","FOUR ZIESOUN","Amsterdam","1432","9347","PATAT LAM BW. 18 M M {F 69 }","6","1","6","18.58","","111.48","9","455.14","52.17","507.01","EUR","patat_lam_bw_18_m_m_f_69","patat_lam_bw_18_m_m_f_69"
"00000065-Factuur 87154.pdf","87154","2026-03-13","Horeca Groothandel","71286969","8586.52.158 B01","NL84INGB0007527163","FOUR ZIESOUN","Amsterdam","1432","1015","COCA COLA ZERO 24 X 0.33 CL B","3","1","3","12.88","","38.64","9","185.36","16.68","209.24","EUR","coca_cola_zero_24_x_0_33_cl_b","coca_cola_zero_24_x_0_33_cl_b"
"00000065-Factuur 87154.pdf","87154","2026-03-13","Horeca Groothandel","71286969","8586.52.158 B01","NL84INGB0007527163","FOUR ZIESOUN","Amsterdam","1432","1010","COCA COLA 24 X 0.33 CL {D}","2","1","2","12.88","","25.76","9","185.36","16.68","209.24","EUR","coca_cola_24_x_0_33_cl_d","coca_cola_24_x_0_33_cl_d"
"00000065-Factuur 87154.pdf","87154","2026-03-13","Horeca Groothandel","71286969","8586.52.158 B01","NL84INGB0007527163","FOUR ZIESOUN","Amsterdam","1432","1350","SPA BLAUW 24 X 0.50 CL","2","1","2","11","3.6","22","9","185.36","16.68","209.24","EUR","spa_blauw_24_x_0_50_cl","spa_blauw_24_x_0_50_cl"
"00000065-Factuur 87154.pdf","87154","2026-03-13","Horeca Groothandel","71286969","8586.52.158 B01","NL84INGB0007527163","FOUR ZIESOUN","Amsterdam","1432","9723","ZAANSE M AYONNAISE 80% 10KG","2","1","2","30.78","","61.56","9","185.36","16.68","209.24","EUR","zaanse_m_ayonnaise_80_10kg","zaanse_m_ayonnaise_80_10kg"
"00000065-Factuur 87154.pdf","87154","2026-03-13","Horeca Groothandel","71286969","8586.52.158 B01","NL84INGB0007527163","FOUR ZIESOUN","Amsterdam","1432","9342+","FRISIA FRITUUROLIE 10L","2","1","2","18.7","","37.4","9","185.36","16.68","209.24","EUR","frisia_frituurolie_10l","frisia_frituurolie_10l"
"00000066-Factuur 87172.pdf","87172","2026-03-14","Horeca Groothandel","71286969","8586.52.158 B01","NL84INGB0007527163","FOUR ZIESOUN","Amsterdam","1432","1015","COCA COLA ZERO 24 X 0.33 CL B","4","1","4","12.88","","51.52","9","379.82","35.86","415.68","EUR","coca_cola_zero_24_x_0_33_cl_b","coca_cola_zero_24_x_0_33_cl_b"
"00000066-Factuur 87172.pdf","87172","2026-03-14","Horeca Groothandel","71286969","8586.52.158 B01","NL84INGB0007527163","FOUR ZIESOUN","Amsterdam","1432","1013","FANTA ORANGE 24 X 0.33 CL {D}","2","1","2","12.88","","25.76","9","379.82","35.86","415.68","EUR","fanta_orange_24_x_0_33_cl_d","fanta_orange_24_x_0_33_cl_d"
"00000066-Factuur 87172.pdf","87172","2026-03-14","Horeca Groothandel","71286969","8586.52.158 B01","NL84INGB0007527163","FOUR ZIESOUN","Amsterdam","1432","B1003","BRIOCHE HAM . BR. 80 GR 30 ST","9","1","9","13.48","","121.32","9","379.82","35.86","415.68","EUR","brioche_ham_br_80_gr_30_st","brioche_ham_br_80_gr_30_st"
"00000066-Factuur 87172.pdf","87172","2026-03-14","Horeca Groothandel","71286969","8586.52.158 B01","NL84INGB0007527163","FOUR ZIESOUN","Amsterdam","1432","9500+","TORK ROL 6 ST HOOG WIT","1","1","1","14","","14","21","379.82","35.86","415.68","EUR","tork_rol_6_st_hoog_wit","tork_rol_6_st_hoog_wit"
"00000066-Factuur 87172.pdf","87172","2026-03-14","Horeca Groothandel","71286969","8586.52.158 B01","NL84INGB0007527163","FOUR ZIESOUN","Amsterdam","1432","9347","PATAT LAM BW. 18 M M {F 69 }","9","1","9","18.58","","167.22","9","379.82","35.86","415.68","EUR","patat_lam_bw_18_m_m_f_69","patat_lam_bw_18_m_m_f_69"
"00000067-Factuur 87171.pdf","87171","2026-03-14","Horeca Groothandel","71286969","8586.52.158 B01","NL84INGB0007527163","CAFE UIT KIJKEN","Amsterdam","1269","B1003","BRIOCHE HAM . BR. 80 GR 30 ST","10","1","10","13.48","","134.8","9","204.54","20.09","224.63","EUR","brioche_ham_br_80_gr_30_st","brioche_ham_br_80_gr_30_st"
"00000067-Factuur 87171.pdf","87171","2026-03-14","Horeca Groothandel","71286969","8586.52.158 B01","NL84INGB0007527163","CAFE UIT KIJKEN","Amsterdam","1269","9347","PATAT LAM BW. 18 M M {F 69 }","3","1","3","18.58","","55.74","9","204.54","20.09","224.63","EUR","patat_lam_bw_18_m_m_f_69","patat_lam_bw_18_m_m_f_69"
"00000067-Factuur 87171.pdf","87171","2026-03-14","Horeca Groothandel","71286969","8586.52.158 B01","NL84INGB0007527163","CAFE UIT KIJKEN","Amsterdam","1269","9500+","TORK ROL 6 ST HOOG WIT","1","1","1","14","","14","21","204.54","20.09","224.63","EUR","tork_rol_6_st_hoog_wit","tork_rol_6_st_hoog_wit"
"00000068-Factuur 87132.pdf","87132","2026-03-09","Horeca Groothandel","71286969","8586.52.158 B01","NL84INGB0007527163","CAFE UIT KIJKEN","Amsterdam","1269","B1003","BRIOCHE HAM . BR. 80 GR 30 ST","8","1","8","13.48","","107.84","9","485.79","52","537.79","EUR","brioche_ham_br_80_gr_30_st","brioche_ham_br_80_gr_30_st"
"00000068-Factuur 87132.pdf","87132","2026-03-09","Horeca Groothandel","71286969","8586.52.158 B01","NL84INGB0007527163","CAFE UIT KIJKEN","Amsterdam","1269","9347","PATAT LAM BW. 18 M M {F 69 }","3","1","3","18.58","","55.74","9","485.79","52","537.79","EUR","patat_lam_bw_18_m_m_f_69","patat_lam_bw_18_m_m_f_69"
"00000068-Factuur 87132.pdf","87132","2026-03-09","Horeca Groothandel","71286969","8586.52.158 B01","NL84INGB0007527163","CAFE UIT KIJKEN","Amsterdam","1269","9723","ZAANSE M AYONNAISE 80% 10KG","2","1","2","30.78","","61.56","9","485.79","52","537.79","EUR","zaanse_m_ayonnaise_80_10kg","zaanse_m_ayonnaise_80_10kg"
"00000068-Factuur 87132.pdf","87132","2026-03-09","Horeca Groothandel","71286969","8586.52.158 B01","NL84INGB0007527163","CAFE UIT KIJKEN","Amsterdam","1269","9342+","FRISIA FRITUUROLIE 10L","2","1","2","18.7","","37.4","9","485.79","52","537.79","EUR","frisia_frituurolie_10l","frisia_frituurolie_10l"
"00000068-Factuur 87132.pdf","87132","2026-03-09","Horeca Groothandel","71286969","8586.52.158 B01","NL84INGB0007527163","CAFE UIT KIJKEN","Amsterdam","1269","9758","LEVO TOM ATEN KETCHUP 10 KG","1","1","1","24.19","","24.19","9","485.79","52","537.79","EUR","levo_tom_aten_ketchup_10_kg","levo_tom_aten_ketchup_10_kg"
"00000068-Factuur 87132.pdf","87132","2026-03-09","Horeca Groothandel","71286969","8586.52.158 B01","NL84INGB0007527163","CAFE UIT KIJKEN","Amsterdam","1269","155197","HANDSCHOENEN { XL} ZWAART","10","1","10","5.5","","55","21","485.79","52","537.79","EUR","handschoenen_xl_zwaart","handschoenen_xl_zwaart"
"00000068-Factuur 87132.pdf","87132","2026-03-09","Horeca Groothandel","71286969","8586.52.158 B01","NL84INGB0007527163","CAFE UIT KIJKEN","Amsterdam","1269","9500+","TORK ROL 6 ST HOOG WIT","1","1","1","14","","14","21","485.79","52","537.79","EUR","tork_rol_6_st_hoog_wit","tork_rol_6_st_hoog_wit"
"00000068-Factuur 87132.pdf","87132","2026-03-09","Horeca Groothandel","71286969","8586.52.158 B01","NL84INGB0007527163","CAFE UIT KIJKEN","Amsterdam","1269","9347","PATAT LAM BW. 18 M M {F 69 }","7","1","7","18.58","","130.06","9","485.79","52","537.79","EUR","patat_lam_bw_18_m_m_f_69","patat_lam_bw_18_m_m_f_69"
"00000069-Factuur 87132.pdf","87132","2026-03-09","Horeca Groothandel","71286969","8586.52.158 B01","NL84INGB0007527163","CAFE UIT KIJKEN","Amsterdam","1269","B1003","BRIOCHE HAM . BR. 80 GR 30 ST","8","1","8","13.48","","107.84","9","485.79","52","537.79","EUR","brioche_ham_br_80_gr_30_st","brioche_ham_br_80_gr_30_st"
"00000069-Factuur 87132.pdf","87132","2026-03-09","Horeca Groothandel","71286969","8586.52.158 B01","NL84INGB0007527163","CAFE UIT KIJKEN","Amsterdam","1269","9347","PATAT LAM BW. 18 M M {F 69 }","3","1","3","18.58","","55.74","9","485.79","52","537.79","EUR","patat_lam_bw_18_m_m_f_69","patat_lam_bw_18_m_m_f_69"
"00000069-Factuur 87132.pdf","87132","2026-03-09","Horeca Groothandel","71286969","8586.52.158 B01","NL84INGB0007527163","CAFE UIT KIJKEN","Amsterdam","1269","9723","ZAANSE M AYONNAISE 80% 10KG","2","1","2","30.78","","61.56","9","485.79","52","537.79","EUR","zaanse_m_ayonnaise_80_10kg","zaanse_m_ayonnaise_80_10kg"
"00000069-Factuur 87132.pdf","87132","2026-03-09","Horeca Groothandel","71286969","8586.52.158 B01","NL84INGB0007527163","CAFE UIT KIJKEN","Amsterdam","1269","9342+","FRISIA FRITUUROLIE 10L","2","1","2","18.7","","37.4","9","485.79","52","537.79","EUR","frisia_frituurolie_10l","frisia_frituurolie_10l"
"00000069-Factuur 87132.pdf","87132","2026-03-09","Horeca Groothandel","71286969","8586.52.158 B01","NL84INGB0007527163","CAFE UIT KIJKEN","Amsterdam","1269","9758","LEVO TOM ATEN KETCHUP 10 KG","1","1","1","24.19","","24.19","9","485.79","52","537.79","EUR","levo_tom_aten_ketchup_10_kg","levo_tom_aten_ketchup_10_kg"
"00000069-Factuur 87132.pdf","87132","2026-03-09","Horeca Groothandel","71286969","8586.52.158 B01","NL84INGB0007527163","CAFE UIT KIJKEN","Amsterdam","1269","155197","HANDSCHOENEN { XL} ZWAART","10","1","10","5.5","","55","21","485.79","52","537.79","EUR","handschoenen_xl_zwaart","handschoenen_xl_zwaart"
"00000069-Factuur 87132.pdf","87132","2026-03-09","Horeca Groothandel","71286969","8586.52.158 B01","NL84INGB0007527163","CAFE UIT KIJKEN","Amsterdam","1269","9500+","TORK ROL 6 ST HOOG WIT","1","1","1","14","","14","21","485.79","52","537.79","EUR","tork_rol_6_st_hoog_wit","tork_rol_6_st_hoog_wit"
"00000069-Factuur 87132.pdf","87132","2026-03-09","Horeca Groothandel","71286969","8586.52.158 B01","NL84INGB0007527163","CAFE UIT KIJKEN","Amsterdam","1269","++","","1","1","1","0","","0","9","485.79","52","537.79","EUR","unknown_product","unknown_product"
"00000069-Factuur 87132.pdf","87132","2026-03-09","Horeca Groothandel","71286969","8586.52.158 B01","NL84INGB0007527163","CAFE UIT KIJKEN","Amsterdam","1269","11-3-2026","","1","1","1","0","","0","9","485.79","52","537.79","EUR","unknown_product","unknown_product"
"00000069-Factuur 87132.pdf","87132","2026-03-09","Horeca Groothandel","71286969","8586.52.158 B01","NL84INGB0007527163","CAFE UIT KIJKEN","Amsterdam","1269","9347","PATAT LAM BW. 18 M M {F 69 }","7","1","7","18.58","","130.06","9","485.79","52","537.79","EUR","patat_lam_bw_18_m_m_f_69","patat_lam_bw_18_m_m_f_69"
"00000070-Factuur 87133.pdf","87133","2026-03-09","Horeca Groothandel","71286969","8586.52.158 B01","NL84INGB0007527163","FOUR ZIESOUN","Amsterdam","1432","9347","PATAT LAM BW. 18 M M {F 69 }","4","1","4","18.58","","74.32","9","455.44","52.17","507.01","EUR","patat_lam_bw_18_m_m_f_69","patat_lam_bw_18_m_m_f_69"
"00000070-Factuur 87133.pdf","87133","2026-03-09","Horeca Groothandel","71286969","8586.52.158 B01","NL84INGB0007527163","FOUR ZIESOUN","Amsterdam","1432","B1003","BRIOCHE HAM . BR. 80 GR 30 ST","8","1","8","13.48","","107.84","9","455.44","52.17","507.01","EUR","brioche_ham_br_80_gr_30_st","brioche_ham_br_80_gr_30_st"
"00000070-Factuur 87133.pdf","87133","2026-03-09","Horeca Groothandel","71286969","8586.52.158 B01","NL84INGB0007527163","FOUR ZIESOUN","Amsterdam","1432","1350","SPA BLAUW 24 X 0.50 CL","2","1","2","11","3.6","7.2","9","455.44","52.17","507.01","EUR","spa_blauw_24_x_0_50_cl","spa_blauw_24_x_0_50_cl"
"00000070-Factuur 87133.pdf","87133","2026-03-09","Horeca Groothandel","71286969","8586.52.158 B01","NL84INGB0007527163","FOUR ZIESOUN","Amsterdam","1432","9512","SERVETTEN 500 ST 33 CM","10","1","10","3","","30","21","455.44","52.17","507.01","EUR","servetten_500_st_33_cm","servetten_500_st_33_cm"
"00000070-Factuur 87133.pdf","87133","2026-03-09","Horeca Groothandel","71286969","8586.52.158 B01","NL84INGB0007527163","FOUR ZIESOUN","Amsterdam","1432","9500+","TORK ROL 6 ST HOOG WIT","1","1","1","14","","14","21","455.44","52.17","507.01","EUR","tork_rol_6_st_hoog_wit","tork_rol_6_st_hoog_wit"
"00000070-Factuur 87133.pdf","87133","2026-03-09","Horeca Groothandel","71286969","8586.52.158 B01","NL84INGB0007527163","FOUR ZIESOUN","Amsterdam","1432","155197","HANDSCHOENEN { L} ZWAART","10","1","10","5.5","","55","21","455.44","52.17","507.01","EUR","handschoenen_l_zwaart","handschoenen_l_zwaart"
"00000070-Factuur 87133.pdf","87133","2026-03-09","Horeca Groothandel","71286969","8586.52.158 B01","NL84INGB0007527163","FOUR ZIESOUN","Amsterdam","1432","1134","LIPTON ICE TEA PEACH 24 X 0.33","2","1","2","16.5","","33","9","455.44","52.17","507.01","EUR","lipton_ice_tea_peach_24_x_0_33","lipton_ice_tea_peach_24_x_0_33"
"00000070-Factuur 87133.pdf","87133","2026-03-09","Horeca Groothandel","71286969","8586.52.158 B01","NL84INGB0007527163","FOUR ZIESOUN","Amsterdam","1432","++","++","1","1","1","0","","0","9","455.44","52.17","507.01","EUR","",""
"00000070-Factuur 87133.pdf","87133","2026-03-09","Horeca Groothandel","71286969","8586.52.158 B01","NL84INGB0007527163","FOUR ZIESOUN","Amsterdam","1432","++","++","1","1","1","0","","0","9","455.44","52.17","507.01","EUR","",""
"00000070-Factuur 87133.pdf","87133","2026-03-09","Horeca Groothandel","71286969","8586.52.158 B01","NL84INGB0007527163","FOUR ZIESOUN","Amsterdam","1432","11-3-2026","11-3-2026","1","1","1","0","","0","9","455.44","52.17","507.01","EUR","11_3_2026","11_3_2026"
"00000070-Factuur 87133.pdf","87133","2026-03-09","Horeca Groothandel","71286969","8586.52.158 B01","NL84INGB0007527163","FOUR ZIESOUN","Amsterdam","1432","9347","PATAT LAM BW. 18 M M {F 69 }","6","1","6","18.58","","111.48","9","455.44","52.17","507.01","EUR","patat_lam_bw_18_m_m_f_69","patat_lam_bw_18_m_m_f_69"
"00000071-Factuur 87113.pdf","87113","2026-03-06","Horeca Groothandel","71286969","8586.52.158 B01","NL 84 INGB 0007527163","CAFE UIT KIJKEN","Amsterdam","1269","B1003","BRIOCHE HAM . BR. 80 GR 30 ST","7","1","7","13.48","","94.36","9","314.96","28.35","374.41","EUR","brioche_ham_br_80_gr_30_st","brioche_ham_br_80_gr_30_st"
"00000071-Factuur 87113.pdf","87113","2026-03-06","Horeca Groothandel","71286969","8586.52.158 B01","NL 84 INGB 0007527163","CAFE UIT KIJKEN","Amsterdam","1269","17744","COCA COLA ZERO KRAT 24 X 0.20","3","1","3","13.59","15","40.77","9","314.96","28.35","374.41","EUR","coca_cola_zero_krat_24_x_0_20","coca_cola_zero_krat_24_x_0_20"
"00000071-Factuur 87113.pdf","87113","2026-03-06","Horeca Groothandel","71286969","8586.52.158 B01","NL 84 INGB 0007527163","CAFE UIT KIJKEN","Amsterdam","1269","17700","COCA COLA KRAT 24 X 0.20 CL","3","1","3","13.59","15","40.77","9","314.96","28.35","374.41","EUR","coca_cola_krat_24_x_0_20_cl","coca_cola_krat_24_x_0_20_cl"
"00000071-Factuur 87113.pdf","87113","2026-03-06","Horeca Groothandel","71286969","8586.52.158 B01","NL 84 INGB 0007527163","CAFE UIT KIJKEN","Amsterdam","1269","17733","FANTA ORANGE 24 X 0.20 CL","1","1","1","13.89","5","13.89","9","314.96","28.35","374.41","EUR","fanta_orange_24_x_0_20_cl","fanta_orange_24_x_0_20_cl"
"00000071-Factuur 87113.pdf","87113","2026-03-06","Horeca Groothandel","71286969","8586.52.158 B01","NL 84 INGB 0007527163","CAFE UIT KIJKEN","Amsterdam","1269","00002","M INUTE M AID APPEL 24 X 0.20 CL","1","1","1","17.23","5","17.23","9","314.96","28.35","374.41","EUR","m_inute_m_aid_appel_24_x_0_20_cl","m_inute_m_aid_appel_24_x_0_20_cl"
"00000071-Factuur 87113.pdf","87113","2026-03-06","Horeca Groothandel","71286969","8586.52.158 B01","NL 84 INGB 0007527163","CAFE UIT KIJKEN","Amsterdam","1269","5449","M INUTE M AID ORANGE 24 X 0.20","1","1","1","17.87","5","17.87","9","314.96","28.35","374.41","EUR","m_inute_m_aid_orange_24_x_0_20","m_inute_m_aid_orange_24_x_0_20"
"00000071-Factuur 87113.pdf","87113","2026-03-06","Horeca Groothandel","71286969","8586.52.158 B01","NL 84 INGB 0007527163","CAFE UIT KIJKEN","Amsterdam","1269","4211","CHAUDFONTIANE BLAUW 24 X","4","1","4","9.2","20","36.8","9","314.96","28.35","374.41","EUR","chaudfontiane_blauw_24_x","chaudfontiane_blauw_24_x"
"00000071-Factuur 87113.pdf","87113","2026-03-06","Horeca Groothandel","71286969","8586.52.158 B01","NL 84 INGB 0007527163","CAFE UIT KIJKEN","Amsterdam","1269","0601-","PARM EZAANSE KAAS 1 KG","1","1","1","13.2","","13.2","9","314.96","28.35","374.41","EUR","parm_ezaanse_kaas_1_kg","parm_ezaanse_kaas_1_kg"
"00000071-Factuur 87113.pdf","87113","2026-03-06","Horeca Groothandel","71286969","8586.52.158 B01","NL 84 INGB 0007527163","CAFE UIT KIJKEN","Amsterdam","1269","06123","SLAGROOM SPUITBUS","1","1","1","8.64","","8.64","9","314.96","28.35","374.41","EUR","slagroom_spuitbus","slagroom_spuitbus"
"00000071-Factuur 87113.pdf","87113","2026-03-06","Horeca Groothandel","71286969","8586.52.158 B01","NL 84 INGB 0007527163","CAFE UIT KIJKEN","Amsterdam","1269","9336+-","NAARM AN HOUDBAAR M ELK12","1","1","1","14.8","","14.8","9","314.96","28.35","374.41","EUR","naarm_an_houdbaar_m_elk12","naarm_an_houdbaar_m_elk12"
"00000071-Factuur 87113.pdf","87113","2026-03-06","Horeca Groothandel","71286969","8586.52.158 B01","NL 84 INGB 0007527163","CAFE UIT KIJKEN","Amsterdam","1269","1521","ACQUA PANNA 12 X 750 M L","1","1","1","16.63","","16.63","9","314.96","28.35","374.41","EUR","acqua_panna_12_x_750_m_l","acqua_panna_12_x_750_m_l"
"00000071-Factuur 87113.pdf","87113","2026-03-06","Horeca Groothandel","71286969","8586.52.158 B01","NL 84 INGB 0007527163","CAFE UIT KIJKEN","Amsterdam","1269","01 -6","Embalage 0.20 x 24 {0.20 x 28}","1","-6","","0","-30","0","5","314.96","28.35","374.41","EUR","embalage_0_20_x_24_0_20_x_28","embalage_0_20_x_24_0_20_x_28"
"00000071-Factuur 87113.pdf","87113","2026-03-06","Horeca Groothandel","71286969","8586.52.158 B01","NL 84 INGB 0007527163","CAFE UIT KIJKEN","Amsterdam","1269","02 -1","Embalage 0.30 x 24{0.50 x 18}","1","-1","","0","-3.9","0","5","314.96","28.35","374.41","EUR","embalage_0_30_x_24_0_50_x_18","embalage_0_30_x_24_0_50_x_18"
"00000072-Factuur 87114.pdf","87114","2026-03-06","Horeca Groothandel","71286969","8586.52.158 B01","NL 84 INGB 0007527163","FOUR ZIESOUN","Amsterdam","1432","9347","PATAT LAM BW. 18 M M {F 69 }","8","1","8","18.58","","148.64","9","586.01","58.02","662.03","EUR","patat_lam_bw_18_m_m_f_69","patat_lam_bw_18_m_m_f_69"
"00000072-Factuur 87114.pdf","87114","2026-03-06","Horeca Groothandel","71286969","8586.52.158 B01","NL 84 INGB 0007527163","FOUR ZIESOUN","Amsterdam","1432","B1003","BRIOCHE HAM . BR. 80 GR 30 ST","9","1","9","13.48","","121.32","9","586.01","58.02","662.03","EUR","brioche_ham_br_80_gr_30_st","brioche_ham_br_80_gr_30_st"
"00000072-Factuur 87114.pdf","87114","2026-03-06","Horeca Groothandel","71286969","8586.52.158 B01","NL 84 INGB 0007527163","FOUR ZIESOUN","Amsterdam","1432","1350","SPA BLAUW 24 X 0.50 CL","3","1","3","11","3.6","10.8","9","586.01","58.02","662.03","EUR","spa_blauw_24_x_0_50_cl","spa_blauw_24_x_0_50_cl"
"00000072-Factuur 87114.pdf","87114","2026-03-06","Horeca Groothandel","71286969","8586.52.158 B01","NL 84 INGB 0007527163","FOUR ZIESOUN","Amsterdam","1432","1010","COCA COLA 24 X 0.33 CL {D}","3","1","3","12.88","","38.64","9","586.01","58.02","662.03","EUR","coca_cola_24_x_0_33_cl_d","coca_cola_24_x_0_33_cl_d"
"00000072-Factuur 87114.pdf","87114","2026-03-06","Horeca Groothandel","71286969","8586.52.158 B01","NL 84 INGB 0007527163","FOUR ZIESOUN","Amsterdam","1432","1134","LIPTON ICE TEA PEACH 24 X 0.33","2","1","2","16.5","","33","9","586.01","58.02","662.03","EUR","lipton_ice_tea_peach_24_x_0_33","lipton_ice_tea_peach_24_x_0_33"
"00000072-Factuur 87114.pdf","87114","2026-03-06","Horeca Groothandel","71286969","8586.52.158 B01","NL 84 INGB 0007527163","FOUR ZIESOUN","Amsterdam","1432","1016","COCA COLA ZERO 24 X 0.33 CL","2","1","2","15.29","3.6","7.2","9","586.01","58.02","662.03","EUR","coca_cola_zero_24_x_0_33_cl","coca_cola_zero_24_x_0_33_cl"
"00000072-Factuur 87114.pdf","87114","2026-03-06","Horeca Groothandel","71286969","8586.52.158 B01","NL 84 INGB 0007527163","FOUR ZIESOUN","Amsterdam","1432","9512","SERVETTEN 500 ST 33 CM","10","1","10","3","","30","21","586.01","58.02","662.03","EUR","servetten_500_st_33_cm","servetten_500_st_33_cm"
"00000072-Factuur 87114.pdf","87114","2026-03-06","Horeca Groothandel","71286969","8586.52.158 B01","NL 84 INGB 0007527163","FOUR ZIESOUN","Amsterdam","1432","9500+","TORK ROL 6 ST HOOG WIT","1","1","1","14","","14","21","586.01","58.02","662.03","EUR","tork_rol_6_st_hoog_wit","tork_rol_6_st_hoog_wit"
"00000072-Factuur 87114.pdf","87114","2026-03-06","Horeca Groothandel","71286969","8586.52.158 B01","NL 84 INGB 0007527163","FOUR ZIESOUN","Amsterdam","1432","9342+","FRISIA FRITUUROLIE 10L","3","1","3","18.7","","56.1","9","586.01","58.02","662.03","EUR","frisia_frituurolie_10l","frisia_frituurolie_10l"
"00000072-Factuur 87114.pdf","87114","2026-03-06","Horeca Groothandel","71286969","8586.52.158 B01","NL 84 INGB 0007527163","FOUR ZIESOUN","Amsterdam","1432","9758","LEVO TOM ATEN KETCHUP 10 KG","1","1","1","24.19","","24.19","9","586.01","58.02","662.03","EUR","levo_tom_aten_ketchup_10_kg","levo_tom_aten_ketchup_10_kg"
"00000072-Factuur 87114.pdf","87114","2026-03-06","Horeca Groothandel","71286969","8586.52.158 B01","NL 84 INGB 0007527163","FOUR ZIESOUN","Amsterdam","1432","9723","ZAANSE M AYONNAISE 80% 10KG","1","1","1","30.78","","30.78","9","586.01","58.02","662.03","EUR","zaanse_m_ayonnaise_80_10kg","zaanse_m_ayonnaise_80_10kg"
"00000072-Factuur 87114.pdf","87114","2026-03-06","Horeca Groothandel","71286969","8586.52.158 B01","NL 84 INGB 0007527163","FOUR ZIESOUN","Amsterdam","1432","1013","FANTA ORANGE 24 X 0.33 CL {D}","2","1","2","12.88","","25.76","9","586.01","58.02","662.03","EUR","fanta_orange_24_x_0_33_cl_d","fanta_orange_24_x_0_33_cl_d"
"00000073-Factuur 87075.pdf","87075","2026-02-26","Horeca Groothandel","71286969","8586.52.158 B01","NL84INGB0007527163","FOUR ZIESOUN","Amsterdam","1432","B1003","BRIOCHE HAM . BR. 80 GR 30 ST","10","1","10","13.48","","134.8","9","274.08","32.93","307.01","EUR","brioche_ham_br_80_gr_30_st","brioche_ham_br_80_gr_30_st"
"00000073-Factuur 87075.pdf","87075","2026-02-26","Horeca Groothandel","71286969","8586.52.158 B01","NL84INGB0007527163","FOUR ZIESOUN","Amsterdam","1432","9342+","FRISIA FRITUUROLIE 10L","2","1","2","18.7","","37.4","9","274.08","32.93","307.01","EUR","frisia_frituurolie_10l","frisia_frituurolie_10l"
"00000073-Factuur 87075.pdf","87075","2026-02-26","Horeca Groothandel","71286969","8586.52.158 B01","NL84INGB0007527163","FOUR ZIESOUN","Amsterdam","1432","99091-","HOUT VORK 2000 stuks","1","1","1","13.88","","13.88","21","274.08","32.93","307.01","EUR","hout_vork_2000_stuks","hout_vork_2000_stuks"
"00000073-Factuur 87075.pdf","87075","2026-02-26","Horeca Groothandel","71286969","8586.52.158 B01","NL84INGB0007527163","FOUR ZIESOUN","Amsterdam","1432","155197","HANDSCHOENEN { M &L}","10","1","10","5.5","","55","21","274.08","32.93","307.01","EUR","handschoenen_m_l","handschoenen_m_l"
"00000073-Factuur 87075.pdf","87075","2026-02-26","Horeca Groothandel","71286969","8586.52.158 B01","NL84INGB0007527163","FOUR ZIESOUN","Amsterdam","1432","1134","LIPTON ICE TEA PEACH 24 X 0.33","2","1","2","16.5","","33","9","274.08","32.93","307.01","EUR","lipton_ice_tea_peach_24_x_0_33","lipton_ice_tea_peach_24_x_0_33"
"00000074-Factuur 87099.pdf","87099","2026-03-03","Horeca Groothandel","71286969","8586.52.158 B01","NL84INGB0007527163","FOUR ZIESOUN","Amsterdam","1432","9347","PATAT LAM BW. 18 M M {F 69 }","10","1","10","18.58","","185.8","9","447.92","45.59","493.51","EUR","patat_lam_bw_18_m_m_f_69","patat_lam_bw_18_m_m_f_69"
"00000074-Factuur 87099.pdf","87099","2026-03-03","Horeca Groothandel","71286969","8586.52.158 B01","NL84INGB0007527163","FOUR ZIESOUN","Amsterdam","1432","B1003","BRIOCHE HAM . BR. 80 GR 30 ST","8","1","8","13.48","","107.84","9","447.92","45.59","493.51","EUR","brioche_ham_br_80_gr_30_st","brioche_ham_br_80_gr_30_st"
"00000074-Factuur 87099.pdf","87099","2026-03-03","Horeca Groothandel","71286969","8586.52.158 B01","NL84INGB0007527163","FOUR ZIESOUN","Amsterdam","1432","1015","COCA COLA ZERO 24 X 0.33 CL B","2","1","2","12.88","","25.76","9","447.92","45.59","493.51","EUR","coca_cola_zero_24_x_0_33_cl_b","coca_cola_zero_24_x_0_33_cl_b"
"00000074-Factuur 87099.pdf","87099","2026-03-03","Horeca Groothandel","71286969","8586.52.158 B01","NL84INGB0007527163","FOUR ZIESOUN","Amsterdam","1432","1013","FANTA ORANGE 24 X 0.33 CL {D}","2","1","2","12.88","","25.76","9","447.92","45.59","493.51","EUR","fanta_orange_24_x_0_33_cl_d","fanta_orange_24_x_0_33_cl_d"
"00000074-Factuur 87099.pdf","87099","2026-03-03","Horeca Groothandel","71286969","8586.52.158 B01","NL84INGB0007527163","FOUR ZIESOUN","Amsterdam","1432","1010","COCA COLA 24 X 0.33 CL {D}","2","1","2","12.88","","25.76","9","447.92","45.59","493.51","EUR","coca_cola_24_x_0_33_cl_d","coca_cola_24_x_0_33_cl_d"
"00000074-Factuur 87099.pdf","87099","2026-03-03","Horeca Groothandel","71286969","8586.52.158 B01","NL84INGB0007527163","FOUR ZIESOUN","Amsterdam","1432","1134","LIPTON ICE TEA PEACH 24 X 0.33","2","1","2","16.5","","33","9","447.92","45.59","493.51","EUR","lipton_ice_tea_peach_24_x_0_33","lipton_ice_tea_peach_24_x_0_33"
"00000074-Factuur 87099.pdf","87099","2026-03-03","Horeca Groothandel","71286969","8586.52.158 B01","NL84INGB0007527163","FOUR ZIESOUN","Amsterdam","1432","9512","SERVETTEN 500 ST 33 CM","10","1","10","3","","30","21","447.92","45.59","493.51","EUR","servetten_500_st_33_cm","servetten_500_st_33_cm"
"00000074-Factuur 87099.pdf","87099","2026-03-03","Horeca Groothandel","71286969","8586.52.158 B01","NL84INGB0007527163","FOUR ZIESOUN","Amsterdam","1432","9500+","TORK ROL 6 ST HOOG WIT","1","1","1","14","","14","21","447.92","45.59","493.51","EUR","tork_rol_6_st_hoog_wit","tork_rol_6_st_hoog_wit"
"00000075-Factuur 87098.pdf","87098","2026-03-03","Horeca Groothandel","71286969","8586.52.158 B01","NL 84 INGB 0007527163","CAFE UIT KIJKEN","Amsterdam","1269","9347","PATAT LAM BW. 18 M M {F 69 }","5","1","5","18.58","","92.9","9","301.51","33.44","309.95","EUR","patat_lam_bw_18_m_m_f_69","patat_lam_bw_18_m_m_f_69"
"00000075-Factuur 87098.pdf","87098","2026-03-03","Horeca Groothandel","71286969","8586.52.158 B01","NL 84 INGB 0007527163","CAFE UIT KIJKEN","Amsterdam","1269","B1003","BRIOCHE HAM . BR. 80 GR 30 ST","10","1","10","13.48","","134.8","9","301.51","33.44","309.95","EUR","brioche_ham_br_80_gr_30_st","brioche_ham_br_80_gr_30_st"
"00000075-Factuur 87098.pdf","87098","2026-03-03","Horeca Groothandel","71286969","8586.52.158 B01","NL 84 INGB 0007527163","CAFE UIT KIJKEN","Amsterdam","1269","4211","CHAUDFONTIANE BLAUW 24 X","1","1","1","9.2","5","5","9","301.51","33.44","309.95","EUR","chaudfontiane_blauw_24_x","chaudfontiane_blauw_24_x"
"00000075-Factuur 87098.pdf","87098","2026-03-03","Horeca Groothandel","71286969","8586.52.158 B01","NL 84 INGB 0007527163","CAFE UIT KIJKEN","Amsterdam","1269","9723","ZAANSE M AYONNAISE 80% 10KG","1","1","1","30.78","","30.78","9","301.51","33.44","309.95","EUR","zaanse_m_ayonnaise_80_10kg","zaanse_m_ayonnaise_80_10kg"
"00000075-Factuur 87098.pdf","87098","2026-03-03","Horeca Groothandel","71286969","8586.52.158 B01","NL 84 INGB 0007527163","CAFE UIT KIJKEN","Amsterdam","1269","9512","SERVETTEN 500 ST 33 CM","10","1","10","3","","30","21","301.51","33.44","309.95","EUR","servetten_500_st_33_cm","servetten_500_st_33_cm"
"00000075-Factuur 87098.pdf","87098","2026-03-03","Horeca Groothandel","71286969","8586.52.158 B01","NL 84 INGB 0007527163","CAFE UIT KIJKEN","Amsterdam","1269","00002","M INUTE M AID APPEL 24 X 0.20 CL","1","1","1","17.23","5","5","9","301.51","33.44","309.95","EUR","m_inute_m_aid_appel_24_x_0_20_cl","m_inute_m_aid_appel_24_x_0_20_cl"
"00000075-Factuur 87098.pdf","87098","2026-03-03","Horeca Groothandel","71286969","8586.52.158 B01","NL 84 INGB 0007527163","CAFE UIT KIJKEN","Amsterdam","1269","9727","TRUFFEL M AYO 2.50 KG","1","1","1","16.6","","16.6","9","301.51","33.44","309.95","EUR","truffel_m_ayo_2_50_kg","truffel_m_ayo_2_50_kg"
"00000075-Factuur 87098.pdf","87098","2026-03-03","Horeca Groothandel","71286969","8586.52.158 B01","NL 84 INGB 0007527163","CAFE UIT KIJKEN","Amsterdam","1269","01 -13","Embalage 0.20 x 24 {0.20 x 28}","1","-13","","0","5","-65","5","301.51","33.44","309.95","EUR","embalage_0_20_x_24_0_20_x_28","embalage_0_20_x_24_0_20_x_28"
"00000076-Factuur 87075.pdf","87075","2026-02-26","Horeca Groothandel","71286969","8586.52.158 B01","NL 84 INGB 0007527163","FOUR ZIESOUN","Amsterdam","1432","B1003","BRIOCHE HAM . BR. 80 GR 30 ST","10","1","10","13.48","","134.8","9","274.08","32.93","307.01","EUR","brioche_ham_br_80_gr_30_st","brioche_ham_br_80_gr_30_st"
"00000076-Factuur 87075.pdf","87075","2026-02-26","Horeca Groothandel","71286969","8586.52.158 B01","NL 84 INGB 0007527163","FOUR ZIESOUN","Amsterdam","1432","9342+","FRISIA FRITUUROLIE 10L","2","1","2","18.7","","37.4","9","274.08","32.93","307.01","EUR","frisia_frituurolie_10l","frisia_frituurolie_10l"
"00000076-Factuur 87075.pdf","87075","2026-02-26","Horeca Groothandel","71286969","8586.52.158 B01","NL 84 INGB 0007527163","FOUR ZIESOUN","Amsterdam","1432","99091-","HOUT VORK 2000 stuks","1","1","1","13.88","","13.88","21","274.08","32.93","307.01","EUR","hout_vork_2000_stuks","hout_vork_2000_stuks"
"00000076-Factuur 87075.pdf","87075","2026-02-26","Horeca Groothandel","71286969","8586.52.158 B01","NL 84 INGB 0007527163","FOUR ZIESOUN","Amsterdam","1432","155197","HANDSCHOENEN { M &L}","10","1","10","5.5","","55","21","274.08","32.93","307.01","EUR","handschoenen_m_l","handschoenen_m_l"
"00000076-Factuur 87075.pdf","87075","2026-02-26","Horeca Groothandel","71286969","8586.52.158 B01","NL 84 INGB 0007527163","FOUR ZIESOUN","Amsterdam","1432","1134","LIPTON ICE TEA PEACH 24 X 0.33","2","1","2","16.5","","33","9","274.08","32.93","307.01","EUR","lipton_ice_tea_peach_24_x_0_33","lipton_ice_tea_peach_24_x_0_33"
"00000077-Factuur 87099.pdf","87099","2026-03-03","Horeca Groothandel","71286969","8586.52.158 B01","NL 84 INGB 0007527163","FOUR ZIESOUN","Amsterdam","1432","9347","PATAT LAM BW. 18 M M {F 69 }","10","1","10","18.58","","185.8","9","447.92","45.59","493.51","EUR","patat_lam_bw_18_m_m_f_69","patat_lam_bw_18_m_m_f_69"
"00000077-Factuur 87099.pdf","87099","2026-03-03","Horeca Groothandel","71286969","8586.52.158 B01","NL 84 INGB 0007527163","FOUR ZIESOUN","Amsterdam","1432","B1003","BRIOCHE HAM . BR. 80 GR 30 ST","8","1","8","13.48","","107.84","9","447.92","45.59","493.51","EUR","brioche_ham_br_80_gr_30_st","brioche_ham_br_80_gr_30_st"
"00000077-Factuur 87099.pdf","87099","2026-03-03","Horeca Groothandel","71286969","8586.52.158 B01","NL 84 INGB 0007527163","FOUR ZIESOUN","Amsterdam","1432","1015","COCA COLA ZERO 24 X 0.33 CL B","2","1","2","12.88","","25.76","9","447.92","45.59","493.51","EUR","coca_cola_zero_24_x_0_33_cl_b","coca_cola_zero_24_x_0_33_cl_b"
"00000077-Factuur 87099.pdf","87099","2026-03-03","Horeca Groothandel","71286969","8586.52.158 B01","NL 84 INGB 0007527163","FOUR ZIESOUN","Amsterdam","1432","1013","FANTA ORANGE 24 X 0.33 CL {D}","2","1","2","12.88","","25.76","9","447.92","45.59","493.51","EUR","fanta_orange_24_x_0_33_cl_d","fanta_orange_24_x_0_33_cl_d"
"00000077-Factuur 87099.pdf","87099","2026-03-03","Horeca Groothandel","71286969","8586.52.158 B01","NL 84 INGB 0007527163","FOUR ZIESOUN","Amsterdam","1432","1010","COCA COLA 24 X 0.33 CL {D}","2","1","2","12.88","","25.76","9","447.92","45.59","493.51","EUR","coca_cola_24_x_0_33_cl_d","coca_cola_24_x_0_33_cl_d"
"00000077-Factuur 87099.pdf","87099","2026-03-03","Horeca Groothandel","71286969","8586.52.158 B01","NL 84 INGB 0007527163","FOUR ZIESOUN","Amsterdam","1432","1134","LIPTON ICE TEA PEACH 24 X 0.33","2","1","2","16.5","","33","9","447.92","45.59","493.51","EUR","lipton_ice_tea_peach_24_x_0_33","lipton_ice_tea_peach_24_x_0_33"
"00000077-Factuur 87099.pdf","87099","2026-03-03","Horeca Groothandel","71286969","8586.52.158 B01","NL 84 INGB 0007527163","FOUR ZIESOUN","Amsterdam","1432","9512","SERVETTEN 500 ST 33 CM","10","1","10","3","","30","21","447.92","45.59","493.51","EUR","servetten_500_st_33_cm","servetten_500_st_33_cm"
"00000077-Factuur 87099.pdf","87099","2026-03-03","Horeca Groothandel","71286969","8586.52.158 B01","NL 84 INGB 0007527163","FOUR ZIESOUN","Amsterdam","1432","9500+","TORK ROL 6 ST HOOG WIT","1","1","1","14","","14","21","447.92","45.59","493.51","EUR","tork_rol_6_st_hoog_wit","tork_rol_6_st_hoog_wit"
"00000078-Factuur 87098.pdf","87098","2026-03-03","Horeca Groothandel","71286969","8586.52.158 B01","NL84INGB0007527163","CAFE UIT KIJKEN","Amsterdam","1269","9347","PATAT LAM BW. 18 M M {F 69 }","5","1","5","18.58","","92.9","9","301.51","33.44","309.95","EUR","patat_lam_bw_18_m_m_f_69","patat_lam_bw_18_m_m_f_69"
"00000078-Factuur 87098.pdf","87098","2026-03-03","Horeca Groothandel","71286969","8586.52.158 B01","NL84INGB0007527163","CAFE UIT KIJKEN","Amsterdam","1269","B1003","BRIOCHE HAM . BR. 80 GR 30 ST","10","1","10","13.48","","134.8","9","301.51","33.44","309.95","EUR","brioche_ham_br_80_gr_30_st","brioche_ham_br_80_gr_30_st"
"00000078-Factuur 87098.pdf","87098","2026-03-03","Horeca Groothandel","71286969","8586.52.158 B01","NL84INGB0007527163","CAFE UIT KIJKEN","Amsterdam","1269","4211","CHAUDFONTIANE BLAUW 24 X","1","1","1","9.2","5","5","9","301.51","33.44","309.95","EUR","chaudfontiane_blauw_24_x","chaudfontiane_blauw_24_x"
"00000078-Factuur 87098.pdf","87098","2026-03-03","Horeca Groothandel","71286969","8586.52.158 B01","NL84INGB0007527163","CAFE UIT KIJKEN","Amsterdam","1269","9723","ZAANSE M AYONNAISE 80% 10KG","1","1","1","30.78","","30.78","9","301.51","33.44","309.95","EUR","zaanse_m_ayonnaise_80_10kg","zaanse_m_ayonnaise_80_10kg"
"00000078-Factuur 87098.pdf","87098","2026-03-03","Horeca Groothandel","71286969","8586.52.158 B01","NL84INGB0007527163","CAFE UIT KIJKEN","Amsterdam","1269","9512","SERVETTEN 500 ST 33 CM","10","1","10","3","","30","21","301.51","33.44","309.95","EUR","servetten_500_st_33_cm","servetten_500_st_33_cm"
"00000078-Factuur 87098.pdf","87098","2026-03-03","Horeca Groothandel","71286969","8586.52.158 B01","NL84INGB0007527163","CAFE UIT KIJKEN","Amsterdam","1269","00002","M INUTE M AID APPEL 24 X 0.20 CL","1","1","1","17.23","5","5","9","301.51","33.44","309.95","EUR","m_inute_m_aid_appel_24_x_0_20_cl","m_inute_m_aid_appel_24_x_0_20_cl"
"00000078-Factuur 87098.pdf","87098","2026-03-03","Horeca Groothandel","71286969","8586.52.158 B01","NL84INGB0007527163","CAFE UIT KIJKEN","Amsterdam","1269","9727","TRUFFEL M AYO 2.50 KG","1","1","1","16.6","","16.6","9","301.51","33.44","309.95","EUR","truffel_m_ayo_2_50_kg","truffel_m_ayo_2_50_kg"
"00000078-Factuur 87098.pdf","87098","2026-03-03","Horeca Groothandel","71286969","8586.52.158 B01","NL84INGB0007527163","CAFE UIT KIJKEN","Amsterdam","1269","01 -13","Embalage 0.20 x 24 {0.20 x 28}","1","-13","0","0","5","-65","5","301.51","33.44","309.95","EUR","embalage_0_20_x_24_0_20_x_28","embalage_0_20_x_24_0_20_x_28"
"00000081-Pakbon - order 614233014 - Vier Seizoenen Broodjesbar[97] (dragged).pdf","","","Hogeslag-Olst","","","","Vier Seizoenen Broodjesbar","Amsterdam","100861","101028","Snippers 75/25 klein","29","","","","","706.45","","","","","EUR","snippers_75_25_klein","snippers_75_25_klein"
"00000081-Pakbon - order 614233014 - Vier Seizoenen Broodjesbar[97] (dragged).pdf","","","Hogeslag-Olst","","","","Vier Seizoenen Broodjesbar","Amsterdam","100861","101028","Snippers 75/25 klein","29","","","","","706.45","","","","","EUR","snippers_75_25_klein","snippers_75_25_klein"
"00000082-Pakbon - order 611331347 - Vier Seizoenen Broodjesbar[63] (dragged).pdf","46092","","Hogeslag-Olst","","","","Vier Seizoenen Broodjesbar","Amsterdam","100861","101028","Snippers 75/25 klein","26","","","","","604.55","","","","","EUR","snippers_75_25_klein","snippers_75_25_klein"
"00000082-Pakbon - order 611331347 - Vier Seizoenen Broodjesbar[63] (dragged).pdf","46092","","Hogeslag-Olst","","","","Vier Seizoenen Broodjesbar","Amsterdam","100861","101028","Snippers 75/25 klein","26","","","","","604.55","","","","","EUR","snippers_75_25_klein","snippers_75_25_klein"